Amazon_Product_Name,Flipkart_Product_Name,Brand_Similarity,Color_Similarity,Capacity_Similarity,Product_Name_Similarity
"Bajaj 17L Solo Microwave Oven (1702 MT, White), Timer","BAJAJ 17 L Solo Microwave Oven  (1701MT, White)",1.0,1.0,1.0,0.68
"Bajaj 17L Solo Microwave Oven (1702 MT, White), Timer","BAJAJ 17 L Solo Microwave Oven  (1702MT, White)",1.0,1.0,1.0,0.68
"Bajaj 17L Solo Microwave Oven (1702 MT, White), Timer","BAJAJ 17 L Solo Microwave Oven  (1701MT, White)",1.0,1.0,1.0,0.68
"Bajaj 17L Solo Microwave Oven (1702 MT, White), Timer","BAJAJ 17 L Solo Microwave Oven  (1702MT, White)",1.0,1.0,1.0,0.68
"Godrej 19 L Digital Display Convection Microwave Oven With 125 Instacook Menus (GMX 519 CP1 PZ, White Rose, Stainless Steel Cavity With Godrej Instachef App)","Godrej 19 L Stainless Steel Cavity, With 125 Insta Cook Menus, Convection Microwave Oven  (GMX 519 CP1 PZ, White Rose)",1.0,0.71,1.0,0.85
"Godrej 19 L Digital Display Convection Microwave Oven With 125 Instacook Menus (GMX 519 CP1 PZ, White Rose, Stainless Steel Cavity With Godrej Instachef App)","Godrej 19 L Convection Microwave Oven  (GMX 519 CP1 PZ - White Rose, White Rose)",1.0,1.0,1.0,0.64
"Haier 20 L Solo Microwave Oven (HIL2001MFPH, Black)","Haier 20 L Solo Microwave Oven  (HIL2001MWPH, Black)",1.0,1.0,1.0,0.93
"Haier 20 L Solo Microwave Oven (HIL2001MFPH, Black)","Haier 20 L Solo Microwave Oven  (HIL2001MFPH, Black)",1.0,1.0,1.0,1.0
"Haier 20 L Solo Microwave Oven (HIL2001MFPH, Black)","Haier 20 L Grill Microwave Oven  (HIL2001GBPH, Black)",1.0,1.0,1.0,0.77
IFB 20 litre Convection Microwave Oven (Black),"IFB 20 L Convection Microwave Oven  (20BC5, Black)",1.0,1.0,1.0,0.86
IFB 20 litre Convection Microwave Oven (Black),"IFB 20 L Solo Microwave Oven  (20PM-MEC2B, BLACK)",1.0,1.0,1.0,0.77
IFB 20 litre Convection Microwave Oven (Black),"IFB 20 L Convection Microwave Oven  (20BC4, Black)",1.0,1.0,1.0,0.93
IFB 20 litre Convection Microwave Oven (Black),"IFB 20 L Convection Microwave Oven  (20BC4 With Touch Key Pad 1200 Watt, Black)",1.0,1.0,1.0,0.76
"IFB 20 L Convection Microwave Oven (20BC5, Black)","IFB 20 L Convection Microwave Oven  (20BC5, Black)",1.0,1.0,1.0,1.0
"IFB 20 L Convection Microwave Oven (20BC5, Black)","IFB 20 L Solo Microwave Oven  (20PM-MEC2B, BLACK)",1.0,1.0,1.0,0.77
"IFB 20 L Convection Microwave Oven (20BC5, Black)","IFB 20 L Convection Microwave Oven  (20BC4, Black)",1.0,1.0,1.0,0.93
"IFB 20 L Convection Microwave Oven (20BC5, Black)","IFB 20 L Convection Microwave Oven  (20BC4 With Touch Key Pad 1200 Watt, Black)",1.0,1.0,1.0,0.76
"IFB 20 L Convection Microwave Oven (20SC2, Metallic Silver, With Starter Kit), STANDARD","IFB 20 L Grill Microwave Oven  (20PG4S, Metallic Silver)",1.0,1.0,1.0,0.61
"IFB 20 L Convection Microwave Oven (20SC2, Metallic Silver, With Starter Kit), STANDARD","IFB 20 L Metallic silver Convection Microwave Oven  (20SC2, Silver)",1.0,1.0,1.0,0.78
"IFB 20 L Grill Microwave Oven (20PG4S, Black/ Silver)","IFB 20 L Convection Microwave Oven  (20BC5, Black)",1.0,1.0,1.0,0.67
"IFB 20 L Grill Microwave Oven (20PG4S, Black/ Silver)","IFB 20 L Solo Microwave Oven  (20PM-MEC2B, BLACK)",1.0,1.0,1.0,0.72
"IFB 20 L Grill Microwave Oven (20PG4S, Black/ Silver)","IFB 20 L Convection Microwave Oven  (20BC4, Black)",1.0,1.0,1.0,0.72
"IFB 20 L Grill Microwave Oven (20PG4S, Black/ Silver)","IFB 20 L Convection Microwave Oven  (20BC4 With Touch Key Pad 1200 Watt, Black)",1.0,1.0,1.0,0.59
"Kenstar 20 L Convection Microwave Oven (KJ20CBG101, Black)","Kenstar 20 L Convection Microwave Oven  (M/O KJ20CBG101, Black)",1.0,1.0,1.0,1.0
"Kenstar 20 L Convection Microwave Oven (KJ20CBG101, Black)","Kenstar 20 L Solo Microwave Oven  (KM20SSLN, BLACK)",1.0,1.0,1.0,0.77
"LG 20 L Grill Microwave Oven (MH2044BP, Black)","LG 20 L Solo Microwave Oven  (MS2043DB.DB1QILN, Black)",1.0,1.0,1.0,0.77
"LG 20 L Grill Microwave Oven (MH2044BP, Black)","LG 20 L Solo Microwave Oven  (MS2043BP, Black)",1.0,0.71,1.0,0.71
"LG 20 L Grill Microwave Oven (MH2044BP, Black)","LG 20 L Grill Microwave Oven  (MH2044BP, Black)",1.0,1.0,1.0,1.0
"LG 20 L Grill Microwave Oven (MH2044BP, Black)","LG 20 L Solo Microwave Oven  (MS2043DB.DB1QILN, Black)",1.0,1.0,1.0,0.77
"LG 20 L Grill Microwave Oven (MH2044BP, Black)","LG 20 L Grill Microwave Oven  (MH2044DB, Black)",1.0,1.0,1.0,0.93
"LG 20 L Solo Microwave Oven (MS2043BP, Black, With Health Plus Menu & Steam Clean)","LG 20 L Solo Microwave Oven  (MS2043DB.DB1QILN, Black)",1.0,1.0,1.0,0.68
"LG 20 L Solo Microwave Oven (MS2043BP, Black, With Health Plus Menu & Steam Clean)","LG 20 L Solo Microwave Oven  (MS2043BP, Black)",1.0,0.71,1.0,0.73
"LG 20 L Solo Microwave Oven (MS2043BP, Black, With Health Plus Menu & Steam Clean)","LG 20 L Grill Microwave Oven  (MH2044BP, Black)",1.0,1.0,1.0,0.52
"LG 20 L Solo Microwave Oven (MS2043BP, Black, With Health Plus Menu & Steam Clean)","LG 20 L Solo Microwave Oven  (MS2043DB.DB1QILN, Black)",1.0,1.0,1.0,0.68
"LG 20 L Solo Microwave Oven (MS2043BP, Black, With Health Plus Menu & Steam Clean)","LG 20 L Grill Microwave Oven  (MH2044DB, Black)",1.0,1.0,1.0,0.57
"IFB 20 Litre Grill Microwave Oven (20PG4S, Black & Silver, With Starter Kit)","IFB 20 L Convection Microwave Oven  (20BC5, Black)",1.0,0.71,1.0,0.55
"IFB 20 Litre Grill Microwave Oven (20PG4S, Black & Silver, With Starter Kit)","IFB 20 L Solo Microwave Oven  (20PM-MEC2B, BLACK)",1.0,0.71,1.0,0.59
"IFB 20 Litre Grill Microwave Oven (20PG4S, Black & Silver, With Starter Kit)","IFB 20 L Convection Microwave Oven  (20BC4, Black)",1.0,0.71,1.0,0.59
"IFB 20 Litre Grill Microwave Oven (20PG4S, Black & Silver, With Starter Kit)","IFB 20 L Grill Microwave Oven  (20PG4S, Metallic Silver)",1.0,0.71,1.0,0.71
"IFB 20 Litre Grill Microwave Oven (20PG4S, Black & Silver, With Starter Kit)","IFB 20 L Metallic silver Convection Microwave Oven  (20SC2, Silver)",1.0,0.71,1.0,0.52
"IFB 20 Litre Grill Microwave Oven (20PG4S, Black & Silver, With Starter Kit)","IFB 20 L Convection Microwave Oven  (20BC4 With Touch Key Pad 1200 Watt, Black)",1.0,0.71,1.0,0.58
"Panasonic 20L Solo Microwave Oven (NN-ST26JMFDG, Silver, 51 Auto Menus)","Panasonic 20 L Solo Microwave Oven  (NN-ST26JMFDG, Silver)",1.0,1.0,1.0,0.75
"Panasonic 20L Solo Microwave Oven (NN-ST266BFDG, Black, 51 Auto Menus)","Panasonic 20 L Solo Microwave Oven  (NN-SM25JBFDG, Black)",1.0,1.0,1.0,0.68
"Panasonic 20L Solo Microwave Oven (NN-ST266BFDG, Black, 51 Auto Menus)","Panasonic 20 L Solo Microwave Oven  (NN-ST266BFDG, BLACK)",1.0,1.0,1.0,0.75
"Panasonic 20L Solo Microwave Oven (NN-ST266BFDG, Black, 51 Auto Menus)","Panasonic 20 L Convection Microwave Oven  (NN-CT254BFDG, Black)",1.0,1.0,1.0,0.57
"Voltas Beko 20 L Convection Microwave Oven, 10 power levels (MC20SD, Silver)","Voltas Beko 20 L Smart Convection Microwave Oven  (MC20SD, Silver)",1.0,1.0,1.0,0.8
"Voltas Beko, A Tata Product 20L, 700W smart solo Microwave oven (MS20MPW10, White)","Voltas Beko 20 L Smart Solo Microwave Oven  (MS20MPW10, White)",1.0,0.71,1.0,0.77
Whirlpool 20 L Solo Microwave Oven (MAGICOOK PRO 20SE BLACK),"Whirlpool 20 L Solo Microwave Oven  (MAGICOOK PRO 20SE black, Black)",1.0,1.0,1.0,0.96
Whirlpool 20 L Solo Microwave Oven (MAGICOOK PRO 20SE BLACK),"Whirlpool 20 L Solo Microwave Oven  (MAGICOOK PRO 20SM BLACK, Black)",1.0,1.0,1.0,0.87
Whirlpool 20 L Solo Microwave Oven (MAGICOOK PRO 20SE BLACK),"Whirlpool 20 L Convection Microwave Oven  (Magicook Pro 22CE, Black)",1.0,1.0,1.0,0.78
Whirlpool 20 L Solo Microwave Oven (MAGICOOK PRO 20SE BLACK),"Whirlpool 20 L Solo Microwave Oven  (Magicook Pro 20SE 50047, Black1)",1.0,1.0,1.0,0.84
"LG 21 L Convection Microwave Oven (MC2146BV, Black, With Heathplus menu & Quartz Heater)","LG 21 L Convection Microwave Oven  (MC2146BG, BLACK)",1.0,1.0,1.0,0.71
"LG 21 L Convection Microwave Oven (MC2146BV, Black, With Heathplus menu & Quartz Heater)","LG 21 L Convection Microwave Oven  (MC2146BV, Black)",1.0,1.0,1.0,0.76
"LG 21 L Convection Microwave Oven (MC2146BV, Black, With Heathplus menu & Quartz Heater)","LG 21 L Convection Microwave Oven  (MC2146BL, Black)",1.0,1.0,1.0,0.71
"LG 21 L Convection Microwave Oven (MC2146BV, Black, With Heathplus menu & Quartz Heater)","LG 21 L Convection Microwave Oven  (MC2146BP, Black)",1.0,1.0,1.0,0.71
"LG 21 L Convection Microwave Oven (MC2146BV, Black, With Heathplus menu & Quartz Heater)","LG 21 L Diet Fry Convection Microwave Oven  (MC2146BRT, Black)",1.0,1.0,1.0,0.61
"LG 21 L Convection Microwave Oven (MC2146BV, Black, With Heathplus menu & Quartz Heater)","LG 21 L Convection Microwave Oven  (MC2146BR, Black)",1.0,1.0,1.0,0.71
"Samsung 21L, Convection Microwave Oven with Triple Distribution System(CE73JD-B1/XTL, Black, Best Diwali Gift, 10 Yr warranty)","SAMSUNG 21 L Convection Microwave Oven  (CE73JD-B1/XTL, Black)",1.0,1.0,1.0,0.61
"Samsung 21L, Convection Microwave Oven with Triple Distribution System(CE73JD-B1/XTL, Black, Best Diwali Gift, 10 Yr warranty)","SAMSUNG 21 L Convection Microwave Oven  (CE73JD/XTL, Black)",1.0,1.0,1.0,0.57
"Samsung 21L, Convection Microwave Oven with Triple Distribution System(CE73JD-B1/XTL, Black, Best Diwali Gift, 10 Yr warranty)","SAMSUNG 21 L Convection Microwave Oven  (CE76JD-B1/XTL, Black)",1.0,1.0,1.0,0.54
"Samsung 21 L Convection Microwave Oven (CE76JD-B1/XTL, Black)","SAMSUNG 21 L Convection Microwave Oven  (CE73JD-B1/XTL, Black)",1.0,1.0,1.0,0.89
"Samsung 21 L Convection Microwave Oven (CE76JD-B1/XTL, Black)","SAMSUNG 21 L Convection Microwave Oven  (CE76JD-M/TL, Mirror Black)",1.0,1.0,1.0,0.78
"Samsung 21 L Convection Microwave Oven (CE76JD-B1/XTL, Black)","SAMSUNG 21 L Convection Microwave Oven  (CE73JD-B, Full Black)",1.0,0.71,1.0,0.71
"Samsung 21 L Convection Microwave Oven (CE76JD-B1/XTL, Black)","SAMSUNG 21 L Convection Microwave Oven  (CE76JD-B/XTL, Black)",1.0,1.0,1.0,0.94
"Samsung 21 L Convection Microwave Oven (CE76JD-B1/XTL, Black)","SAMSUNG 21 L Convection Microwave Oven  (CE73JD/XTL, Black)",1.0,1.0,1.0,0.82
"Samsung 21 L Convection Microwave Oven (CE76JD-B1/XTL, Black)","SAMSUNG 21 L Convection Microwave Oven  (CE77JD-QB/TL, Black)",1.0,1.0,1.0,0.76
"Samsung 21 L Convection Microwave Oven (CE76JD-B1/XTL, Black)","SAMSUNG 21 L Convection Microwave Oven  (CE76JD-B1/XTL, Black)",1.0,1.0,1.0,1.0
"Samsung 21 L Convection Microwave Oven (CE76JD-B/XTL, Black)","SAMSUNG 21 L Convection Microwave Oven  (CE73JD-B1/XTL, Black)",1.0,1.0,1.0,0.82
"Samsung 21 L Convection Microwave Oven (CE76JD-B/XTL, Black)","SAMSUNG 21 L Convection Microwave Oven  (CE76JD-M/TL, Mirror Black)",1.0,1.0,1.0,0.82
"Samsung 21 L Convection Microwave Oven (CE76JD-B/XTL, Black)","SAMSUNG 21 L Convection Microwave Oven  (CE73JD-B, Full Black)",1.0,0.71,1.0,0.75
"Samsung 21 L Convection Microwave Oven (CE76JD-B/XTL, Black)","SAMSUNG 21 L Convection Microwave Oven  (CE76JD-B/XTL, Black)",1.0,1.0,1.0,1.0
"Samsung 21 L Convection Microwave Oven (CE76JD-B/XTL, Black)","SAMSUNG 21 L Convection Microwave Oven  (CE73JD/XTL, Black)",1.0,1.0,1.0,0.87
"Samsung 21 L Convection Microwave Oven (CE76JD-B/XTL, Black)","SAMSUNG 21 L Convection Microwave Oven  (CE77JD-QB/TL, Black)",1.0,1.0,1.0,0.8
"Samsung 21 L Convection Microwave Oven (CE76JD-B/XTL, Black)","SAMSUNG 21 L Convection Microwave Oven  (CE76JD-B1/XTL, Black)",1.0,1.0,1.0,0.94
"Samsung 21L, Convection Microwave Oven with Triple Distribution System(CE73JD-B1/XTL, Black, Best Diwali Gift, 10 Yr warranty)","SAMSUNG 21 L Convection Microwave Oven  (CE73JD-B1/XTL, Black)",1.0,1.0,1.0,0.61
"Samsung 21L, Convection Microwave Oven with Triple Distribution System(CE73JD-B1/XTL, Black, Best Diwali Gift, 10 Yr warranty)","SAMSUNG 21 L Convection Microwave Oven  (CE73JD/XTL, Black)",1.0,1.0,1.0,0.57
"Samsung 21L, Convection Microwave Oven with Triple Distribution System(CE73JD-B1/XTL, Black, Best Diwali Gift, 10 Yr warranty)","SAMSUNG 21 L Convection Microwave Oven  (CE76JD-B1/XTL, Black)",1.0,1.0,1.0,0.54
"Godrej 23 L Steam Clean, Digital Display Convection Microwave Oven With 205 Instacook Receipes (GME 523 CF1 RM, Floral Black, Stainless Steel Cavity With Godrej Instachef App)","Godrej 23 L Steam Clean, Stainless Steel Cavity, With 205 Insta Cook Recipes, Convection Microwave Oven  (GME 523 CF1 RM, Black)",1.0,0.71,1.0,0.8
"Haier 23 L Convection Microwave Oven (HIL2301CBSB, Black)","Haier 23 L Convection Microwave Oven  (HIL2301CBSB, Black)",1.0,0.71,1.0,1.0
"Haier 23 L Convection Microwave Oven (HIL2301CBSB, Black)","Haier 23 L Convection Microwave Oven  (HIL2302CRSH:IN/MWO/DL, Black)",1.0,0.71,1.0,0.86
"Haier 23 L Convection Microwave Oven (HIL2301CSSH, Silver)","Haier 23 L Convection Microwave Oven  (HIL2301CBSB, Black)",1.0,0.71,1.0,0.71
"Haier 23 L Convection Microwave Oven (HIL2301CSSH, Silver)","Haier 23 L Convection Microwave Oven  (HIL2301CSSH, Silver)",1.0,1.0,1.0,1.0
"Haier 23 L Convection Microwave Oven (HIL2301CSSH, Silver)","Haier 23 L Convection Microwave Oven  (HIL2302CRSH:IN/MWO/DL, Black)",1.0,0.71,1.0,0.71
"IFB 23 L Convection Microwave Oven (23BC4, Black+Floral Design)","IFB 23 L Convection Microwave Oven  (23BC4, Black)",1.0,1.0,1.0,0.88
"IFB 23 L Convection Microwave Oven (23BC4, Black+Floral Design)","IFB 23 L Convection Microwave Oven  (23BC5, Black)",1.0,1.0,1.0,0.76
"IFB 23 L Convection Microwave Oven (23BC5, Black, With Starter Kit)","IFB 23 L Convection Microwave Oven  (23BC4, Black)",1.0,1.0,1.0,0.72
"IFB 23 L Convection Microwave Oven (23BC5, Black, With Starter Kit)","IFB 23 L Convection Microwave Oven  (23BC5, Black)",1.0,1.0,1.0,0.84
"Panasonic 23L Convection Microwave Oven(NN-CT353BFDG,Black Mirror, 360° Heat Wrap, Magic Grill)","Panasonic 23 L Convection Microwave Oven  (NN-CT353BFDG, Black Mirror)",1.0,0.71,1.0,0.71
"Panasonic 23L Convection Microwave Oven(NN-CT353BFDG,Black Mirror, 360° Heat Wrap, Magic Grill)","Panasonic 23 L Convection & Grill Microwave Oven  (NN-CT35MBFDG, SILVER)",1.0,1.0,1.0,0.53
"Panasonic 23L Convection Microwave Oven(NN-CT353BFDG,Black Mirror, 360° Heat Wrap, Magic Grill)","Panasonic 23 L Convection Microwave Oven  (NN-CT36HBFDG, Black Mirror Floral)",1.0,0.71,1.0,0.62
"Samsung 23 L Grill Microwave Oven (MG23A3515AK/TL, Best Diwali Gift, Black)","SAMSUNG 23 L Grill Microwave Oven  (MG23A3515AK, BLACK)",1.0,1.0,1.0,0.8
"Samsung 23 L Grill Microwave Oven (MG23A3515AK/TL, Best Diwali Gift, Black)","SAMSUNG 23 L Solo Microwave Oven  (MS23J5133AG/TL, Black)",1.0,1.0,1.0,0.68
"Samsung 23 L Grill Microwave Oven (MG23A3515AK/TL, Best Diwali Gift, Black)","SAMSUNG 23 L Baker Series Grill Microwave Oven with Crusty Plate  (MG23T5012CK/TL, Black)",1.0,1.0,1.0,0.64
"Panasonic 23 Litres Convection Microwave Oven (360° Heat Wrap, NN-CT35MBFDG, Black Floral)","Panasonic 23 L Convection Microwave Oven  (NN-CT353BFDG, Black Mirror)",1.0,1.0,1.0,0.65
"Panasonic 23 Litres Convection Microwave Oven (360° Heat Wrap, NN-CT35MBFDG, Black Floral)","Panasonic 23 L Convection & Grill Microwave Oven  (NN-CT35MBFDG, SILVER)",1.0,0.71,1.0,0.65
"Panasonic 23 Litres Convection Microwave Oven (360° Heat Wrap, NN-CT35MBFDG, Black Floral)","Panasonic 23 L Convection Microwave Oven  (NN-CT35LBFDG, Black Floral)",1.0,0.71,1.0,0.78
"Panasonic 23 Litres Convection Microwave Oven (360° Heat Wrap, NN-CT35MBFDG, Black Floral)","Panasonic 23 L Convection Microwave Oven  (NN-CT36HBFDG, Black Mirror Floral)",1.0,1.0,1.0,0.74
"Whirlpool 24 L Convection Microwave Oven (MAGICOOK PRO 26CE BLACK, WHL7JBlack)","Whirlpool 24 L Convection Microwave Oven  (Magicook Pro 26CE, Black)",1.0,1.0,1.0,0.95
"Haier 25 L Convection Microwave Oven (HIL2501CBSH, HAL2WBlack)","Haier 25 L Convection Microwave Oven  (HIL2501CBSH, Black)",1.0,1.0,1.0,0.86
"IFB 25 L Convection Microwave Oven (25BC4, Black +Floral Design)","IFB 25 L Convection Microwave Oven  (25BC3, Black)",1.0,1.0,1.0,0.82
"IFB 25 L Convection Microwave Oven (25BC4, Black +Floral Design)","IFB 25 L Solo Microwave Oven  (25PM2S, BLACK, SILVER)",1.0,0.71,1.0,0.59
"IFB 25 L Convection Microwave Oven (25BC4, Black +Floral Design)","IFB 25 L Convection Microwave Oven  (25BC3, Black)",1.0,1.0,1.0,0.82
"IFB 25 L Convection Microwave Oven (25BC4, Black +Floral Design)","IFB 25 L Convection Microwave Oven  (25BC4, Black)",1.0,0.71,1.0,0.88
"IFB 25 L Convection Microwave Oven (25SC4, Metallic Silver, With Starter Kit)","IFB 25 L Metallic silver Convection Microwave Oven  (25SC4, Metallic Silver)",1.0,1.0,1.0,0.81
"IFB 25 L Convection Microwave Oven (25SC4, Metallic Silver, With Starter Kit)","IFB 25 L Solo Microwave Oven  (25PM2S, BLACK, SILVER)",1.0,0.71,1.0,0.53
"IFB 25 L Solo Microwave Oven (25PM2S, Silver)","IFB 25 L Metallic silver Convection Microwave Oven  (25SC4, Metallic Silver)",1.0,1.0,1.0,0.61
"IFB 25 L Solo Microwave Oven (25PM2S, Silver)","IFB 25 L Solo Microwave Oven  (25PM2S, BLACK, SILVER)",1.0,0.71,1.0,0.94
"Morphy Richards 25 CG 25L Convection Microwave Oven with 200 Autocook Menus and Child Lock Feature, Stainless Steel Cavity, Silver","Morphy Richards 25 L Convection Microwave Oven  (MWO 25CG, Steel)",1.0,1.0,1.0,0.59
"Voltas Beko 25 L Convection Microwave Oven (MC25BD, Black)","Voltas Beko 25 L Smart Convection Microwave Oven  (MC25BD, Black)",1.0,1.0,1.0,0.94
"Morphy Richards 27 L Convection Microwave Oven With 27 Auto Cook Menus (27CGF, Black)","Morphy Richards 27 L Convection Microwave Oven  (27CGF, BLACK)",1.0,1.0,1.0,0.82
"Panasonic 27L Convection Microwave Oven(NN-CD674MFDG,Silver, Rotisserie)","Panasonic 27 L Convection Microwave Oven  (NN-CT644MFDG, Black)",1.0,0.71,1.0,0.59
"Panasonic 27L Convection Microwave Oven(NN-CD674MFDG,Silver, Rotisserie)","Panasonic 27 L Convection Microwave Oven  (NN-CD674MFDG, Silver)",1.0,0.71,1.0,0.82
"Panasonic 27L Convection Microwave Oven(NN-CD674MFDG,Silver, Rotisserie)","Panasonic 27 L Convection Microwave Oven  (NN-CT64MBFDG, Black Mirror)",1.0,0.58,1.0,0.56
"Panasonic 27L Convection Microwave Oven(NN-CT644MFDG,Black, Vapour Clean) with Starter Kit","Panasonic 27 L Convection Microwave Oven  (NN-CT645BFDG, Black)",1.0,1.0,1.0,0.59
"Panasonic 27L Convection Microwave Oven(NN-CT644MFDG,Black, Vapour Clean) with Starter Kit","Panasonic 27 L Convection Microwave Oven  (NN-CT644MFDG, Black)",1.0,0.71,1.0,0.69
"Panasonic 27L Convection Microwave Oven(NN-CT644MFDG,Black, Vapour Clean) with Starter Kit","Panasonic 27 L Convection Microwave Oven  (NN-CT64HBFDG, Black Mirror)",1.0,1.0,1.0,0.55
"Panasonic 27L Convection Microwave Oven(NN-CT644MFDG,Black, Vapour Clean) with Starter Kit","Panasonic 27 L Convection Microwave Oven  (NN-CT64MBFDG, Black Mirror)",1.0,0.58,1.0,0.55
"Panasonic 27L Convection Microwave Oven(NN-CT645BFDG,,Black Mirror, 360° Heat Wrap, Magic Grill)","Panasonic 27 L Convection Microwave Oven  (NN-CT645BFDG, Black)",1.0,0.71,1.0,0.66
"Panasonic 27L Convection Microwave Oven(NN-CT645BFDG,,Black Mirror, 360° Heat Wrap, Magic Grill)","Panasonic 27 L Convection Microwave Oven  (NN-CT64HBFDG, Black Mirror)",1.0,0.71,1.0,0.62
"Panasonic 27L Convection Microwave Oven(NN-CT645BFDG,,Black Mirror, 360° Heat Wrap, Magic Grill)","Panasonic 27 L Convection Microwave Oven  (NN-CT64MBFDG, Black Mirror)",1.0,0.82,1.0,0.62
"Panasonic 27L Convection Microwave Oven(NN-CT645BFDG,,Black Mirror, 360° Heat Wrap, Magic Grill)","Panasonic 27 L Convection Microwave Oven  (NN-CT645BFDG, Black)",1.0,0.71,1.0,0.66
"Panasonic 27L Convection Microwave Oven(NN-CT645BFDG,,Black Mirror, 360° Heat Wrap, Magic Grill)","Panasonic 27 L Convection Microwave Oven  (NN-CT64HBFDG, Black Mirror)",1.0,0.71,1.0,0.62
"Panasonic 27L Convection Microwave Oven(NN-CT645BFDG,,Black Mirror, 360° Heat Wrap, Magic Grill)","Panasonic 27 L Convection Microwave Oven  (NN-CT64MBFDG, Black Mirror)",1.0,0.82,1.0,0.62
"Panasonic 27L Convection Microwave Oven(NN-CT645BFDG,,Black Mirror, 360° Heat Wrap, Magic Grill)","Panasonic 27 L Convection Microwave Oven  (NN-CT645BFDG, Black)",1.0,0.71,1.0,0.66
"Panasonic 27L Convection Microwave Oven(NN-CT645BFDG,,Black Mirror, 360° Heat Wrap, Magic Grill)","Panasonic 27 L Convection Microwave Oven  (NN-CT64HBFDG, Black Mirror)",1.0,0.71,1.0,0.62
"Panasonic 27L Convection Microwave Oven(NN-CT645BFDG,,Black Mirror, 360° Heat Wrap, Magic Grill)","Panasonic 27 L Convection Microwave Oven  (NN-CT64MBFDG, Black Mirror)",1.0,0.82,1.0,0.62
"LG 28 L Charcoal Convection Microwave Oven (MJ2887BFUM, Black, with 360° Motorised Rotisserie & Charcoal Lighting Heater with 10 years warranty)","LG 28 L Convection Microwave Oven  (MC2846BG.DBKQILN, Black)",1.0,1.0,1.0,0.51
"LG 28 L Charcoal Convection Microwave Oven (MJ2887BFUM, Black, with 360° Motorised Rotisserie & Charcoal Lighting Heater with 10 years warranty)","LG 28 L Convection Microwave Oven  (MC2886BLT, Black)",1.0,1.0,1.0,0.51
"LG 28 L Charcoal Convection Microwave Oven (MJ2887BFUM, Black, with 360° Motorised Rotisserie & Charcoal Lighting Heater with 10 years warranty)","LG 28 L Charcoal Convection Microwave Oven  (MJ2886BFUM, Black)",1.0,1.0,1.0,0.63
"LG 28 L Charcoal Convection Microwave Oven (MJ2887BFUM, Black, with 360° Motorised Rotisserie & Charcoal Lighting Heater with 10 years warranty)","LG 28 L Convection Microwave Oven  (MC2886BFUM, Black)",1.0,1.0,1.0,0.51
"LG 28 L Charcoal Convection Microwave Oven (MJ2887BFUM, Black, with 360° Motorised Rotisserie & Charcoal Lighting Heater with 10 years warranty)","LG 28 L Convection Microwave Oven  (MJ2887BFUM, Black)",1.0,1.0,1.0,0.55
"LG 28 L Charcoal Convection Microwave Oven (MJ2887BFUM, Black, with 360° Motorised Rotisserie & Charcoal Lighting Heater with 10 years warranty)","LG 28 L Convection Microwave Oven  (MC2846BR, Black)",1.0,1.0,1.0,0.51
"LG 28 L Charcoal Convection Microwave Oven (MJ2887BFUM, Black, with 360° Motorised Rotisserie & Charcoal Lighting Heater with 10 years warranty)","LG 28 L Convection Microwave Oven  (MC2886BHT, BLACK)",1.0,1.0,1.0,0.51
"LG 28 L Charcoal Convection Microwave Oven (MJ2887BFUM, Black, with 360° Motorised Rotisserie & Charcoal Lighting Heater with 10 years warranty)","LG 28 L Convection Microwave Oven  (MJEN286UH, Black)",1.0,1.0,1.0,0.51
"LG 28 L Charcoal Convection Microwave Oven (MJ2887BFUM, Black, with 360° Motorised Rotisserie & Charcoal Lighting Heater with 10 years warranty)","LG 28 L Convection Microwave Oven  (MJEN286UF, Black)",1.0,1.0,1.0,0.51
"LG 28 L Charcoal Convection Microwave Oven (MJ2887BFUM, Black, with 360° Motorised Rotisserie & Charcoal Lighting Heater with 10 years warranty)","LG 28 L Convection Microwave Oven  (MC2886BFTM, Black)",1.0,1.0,1.0,0.51
"LG 28 L Charcoal Convection Microwave Oven (MJ2887BFUM, Black, with 360° Motorised Rotisserie & Charcoal Lighting Heater with 10 years warranty)","LG 28 L Charcoal Convection Microwave Oven  (MJ2886BWUM, Floral)",1.0,1.0,1.0,0.55
"LG 28 L Wi-Fi Enabled Charcoal Convection Healthy Microwave Oven (MJEN286UFW, Black, Diet Fry) - 2023 Model","LG 28 L Convection Microwave Oven  (MC2846BV, Black)",1.0,1.0,1.0,0.57
"LG 28 L Wi-Fi Enabled Charcoal Convection Healthy Microwave Oven (MJEN286UFW, Black, Diet Fry) - 2023 Model","LG 28 L Convection Microwave Oven  (MC2886BRUM, Black)",1.0,1.0,1.0,0.57
"LG 28 L Wi-Fi Enabled Charcoal Convection Healthy Microwave Oven (MJEN286UFW, Black, Diet Fry) - 2023 Model","LG 28 L Convection Microwave Oven  (MC2846BG.DBKQILN, Black)",1.0,1.0,1.0,0.61
"LG 28 L Wi-Fi Enabled Charcoal Convection Healthy Microwave Oven (MJEN286UFW, Black, Diet Fry) - 2023 Model","LG 28 L Convection Microwave Oven  (MC2886BLT, Black)",1.0,1.0,1.0,0.61
"LG 28 L Wi-Fi Enabled Charcoal Convection Healthy Microwave Oven (MJEN286UFW, Black, Diet Fry) - 2023 Model","LG 28 L Charcoal Convection Microwave Oven  (MJ2886BFUM, Black)",1.0,1.0,1.0,0.66
"LG 28 L Wi-Fi Enabled Charcoal Convection Healthy Microwave Oven (MJEN286UFW, Black, Diet Fry) - 2023 Model","LG 28 L Convection Microwave Oven  (MC2886BFUM, Black)",1.0,1.0,1.0,0.61
"LG 28 L Wi-Fi Enabled Charcoal Convection Healthy Microwave Oven (MJEN286UFW, Black, Diet Fry) - 2023 Model","LG 28 L Convection Microwave Oven  (MC2886BPUM, Black)",1.0,0.71,1.0,0.57
"LG 28 L Wi-Fi Enabled Charcoal Convection Healthy Microwave Oven (MJEN286UFW, Black, Diet Fry) - 2023 Model","LG 28 L Convection Microwave Oven  (MJ2887BFUM, Black)",1.0,1.0,1.0,0.57
"LG 28 L Wi-Fi Enabled Charcoal Convection Healthy Microwave Oven (MJEN286UFW, Black, Diet Fry) - 2023 Model","LG 28 L Convection Microwave Oven  (MC2887BFUM.DBKQILN, Black)",1.0,1.0,1.0,0.57
"LG 28 L Wi-Fi Enabled Charcoal Convection Healthy Microwave Oven (MJEN286UFW, Black, Diet Fry) - 2023 Model","LG 28 L Convection Microwave Oven  (MJEN286UI, Black)",1.0,1.0,1.0,0.57
"LG 28 L Wi-Fi Enabled Charcoal Convection Healthy Microwave Oven (MJEN286UFW, Black, Diet Fry) - 2023 Model","LG 28 L Convection Microwave Oven  (MC2846BR, Black)",1.0,1.0,1.0,0.61
"LG 28 L Wi-Fi Enabled Charcoal Convection Healthy Microwave Oven (MJEN286UFW, Black, Diet Fry) - 2023 Model","LG 28 L Convection Microwave Oven  (MC2886BHT, BLACK)",1.0,1.0,1.0,0.61
"LG 28 L Wi-Fi Enabled Charcoal Convection Healthy Microwave Oven (MJEN286UFW, Black, Diet Fry) - 2023 Model","LG 28 L Convection Microwave Oven  (MJEN286UH, Black)",1.0,1.0,1.0,0.61
"LG 28 L Wi-Fi Enabled Charcoal Convection Healthy Microwave Oven (MJEN286UFW, Black, Diet Fry) - 2023 Model","LG 28 L Convection Microwave Oven  (MJEN286UF, Black)",1.0,1.0,1.0,0.61
"LG 28 L Wi-Fi Enabled Charcoal Convection Healthy Microwave Oven (MJEN286UFW, Black, Diet Fry) - 2023 Model","LG 28 L Convection Microwave Oven  (MC2886BFTM, Black)",1.0,1.0,1.0,0.61
"LG 28 L Wi-Fi Enabled Charcoal Convection Healthy Microwave Oven (MJEN286UFW, Black, Diet Fry) - 2023 Model","LG 28 L Charcoal Convection Microwave Oven  (MJ2886BWUM, Floral)",1.0,1.0,1.0,0.57
"LG 28 L Charcoal Convection Microwave Oven (MJEN286UI, Black, 360° Motorised Rotisserie & Charcoal Lighting Heater)","LG 28 L Convection Microwave Oven  (MC2846BV, Black)",1.0,1.0,1.0,0.57
"LG 28 L Charcoal Convection Microwave Oven (MJEN286UI, Black, 360° Motorised Rotisserie & Charcoal Lighting Heater)","LG 28 L Convection Microwave Oven  (MC2886BRUM, Black)",1.0,1.0,1.0,0.57
"LG 28 L Charcoal Convection Microwave Oven (MJEN286UI, Black, 360° Motorised Rotisserie & Charcoal Lighting Heater)","LG 28 L Convection Microwave Oven  (MC2846BG.DBKQILN, Black)",1.0,1.0,1.0,0.61
"LG 28 L Charcoal Convection Microwave Oven (MJEN286UI, Black, 360° Motorised Rotisserie & Charcoal Lighting Heater)","LG 28 L Convection Microwave Oven  (MC2886BLT, Black)",1.0,1.0,1.0,0.61
"LG 28 L Charcoal Convection Microwave Oven (MJEN286UI, Black, 360° Motorised Rotisserie & Charcoal Lighting Heater)","LG 28 L Charcoal Convection Microwave Oven  (MJ2886BFUM, Black)",1.0,1.0,1.0,0.76
"LG 28 L Charcoal Convection Microwave Oven (MJEN286UI, Black, 360° Motorised Rotisserie & Charcoal Lighting Heater)","LG 28 L Convection Microwave Oven  (MC2886BFUM, Black)",1.0,1.0,1.0,0.61
"LG 28 L Charcoal Convection Microwave Oven (MJEN286UI, Black, 360° Motorised Rotisserie & Charcoal Lighting Heater)","LG 28 L Convection Microwave Oven  (MC2886BPUM, Black)",1.0,0.71,1.0,0.57
"LG 28 L Charcoal Convection Microwave Oven (MJEN286UI, Black, 360° Motorised Rotisserie & Charcoal Lighting Heater)","LG 28 L Convection Microwave Oven  (MJ2887BFUM, Black)",1.0,1.0,1.0,0.57
"LG 28 L Charcoal Convection Microwave Oven (MJEN286UI, Black, 360° Motorised Rotisserie & Charcoal Lighting Heater)","LG 28 L Convection Microwave Oven  (MC2887BFUM.DBKQILN, Black)",1.0,1.0,1.0,0.57
"LG 28 L Charcoal Convection Microwave Oven (MJEN286UI, Black, 360° Motorised Rotisserie & Charcoal Lighting Heater)","LG 28 L Convection Microwave Oven  (MJEN286UI, Black)",1.0,1.0,1.0,0.66
"LG 28 L Charcoal Convection Microwave Oven (MJEN286UI, Black, 360° Motorised Rotisserie & Charcoal Lighting Heater)","LG 28 L Convection Microwave Oven  (MC2846BR, Black)",1.0,1.0,1.0,0.61
"LG 28 L Charcoal Convection Microwave Oven (MJEN286UI, Black, 360° Motorised Rotisserie & Charcoal Lighting Heater)","LG 28 L Convection Microwave Oven  (MC2886BHT, BLACK)",1.0,1.0,1.0,0.61
"LG 28 L Charcoal Convection Microwave Oven (MJEN286UI, Black, 360° Motorised Rotisserie & Charcoal Lighting Heater)","LG 28 L Convection Microwave Oven  (MJEN286UH, Black)",1.0,1.0,1.0,0.61
"LG 28 L Charcoal Convection Microwave Oven (MJEN286UI, Black, 360° Motorised Rotisserie & Charcoal Lighting Heater)","LG 28 L Convection Microwave Oven  (MJEN286UF, Black)",1.0,1.0,1.0,0.61
"LG 28 L Charcoal Convection Microwave Oven (MJEN286UI, Black, 360° Motorised Rotisserie & Charcoal Lighting Heater)","LG 28 L Convection Microwave Oven  (MC2886BFTM, Black)",1.0,1.0,1.0,0.61
"LG 28 L Charcoal Convection Microwave Oven (MJEN286UI, Black, 360° Motorised Rotisserie & Charcoal Lighting Heater)","LG 28 L Charcoal Convection Microwave Oven  (MJ2886BWUM, Floral)",1.0,1.0,1.0,0.66
"LG 28 L Convection Microwave Oven (MC2846BD, Black, Health Plus Menu | 251 Auto Cook Menu) - 2023 Model","LG 28 L Convection Microwave Oven  (MC2846BV, Black)",1.0,1.0,1.0,0.53
"LG 28 L Convection Microwave Oven (MC2846BD, Black, Health Plus Menu | 251 Auto Cook Menu) - 2023 Model","LG 28 L Convection Microwave Oven  (MC2886BRUM, Black)",1.0,1.0,1.0,0.53
"LG 28 L Convection Microwave Oven (MC2846BD, Black, Health Plus Menu | 251 Auto Cook Menu) - 2023 Model","LG 28 L Convection Microwave Oven  (MC2846BG.DBKQILN, Black)",1.0,1.0,1.0,0.58
"LG 28 L Convection Microwave Oven (MC2846BD, Black, Health Plus Menu | 251 Auto Cook Menu) - 2023 Model","LG 28 L Convection Microwave Oven  (MC2886BLT, Black)",1.0,1.0,1.0,0.58
"LG 28 L Convection Microwave Oven (MC2846BD, Black, Health Plus Menu | 251 Auto Cook Menu) - 2023 Model","LG 28 L Charcoal Convection Microwave Oven  (MJ2886BFUM, Black)",1.0,1.0,1.0,0.53
"LG 28 L Convection Microwave Oven (MC2846BD, Black, Health Plus Menu | 251 Auto Cook Menu) - 2023 Model","LG 28 L Convection Microwave Oven  (MC2886BFUM, Black)",1.0,1.0,1.0,0.58
"LG 28 L Convection Microwave Oven (MC2846BD, Black, Health Plus Menu | 251 Auto Cook Menu) - 2023 Model","LG 28 L Convection Microwave Oven  (MC2886BPUM, Black)",1.0,0.71,1.0,0.53
"LG 28 L Convection Microwave Oven (MC2846BD, Black, Health Plus Menu | 251 Auto Cook Menu) - 2023 Model","LG 28 L Convection Microwave Oven  (MJ2887BFUM, Black)",1.0,1.0,1.0,0.53
"LG 28 L Convection Microwave Oven (MC2846BD, Black, Health Plus Menu | 251 Auto Cook Menu) - 2023 Model","LG 28 L Convection Microwave Oven  (MC2887BFUM.DBKQILN, Black)",1.0,1.0,1.0,0.53
"LG 28 L Convection Microwave Oven (MC2846BD, Black, Health Plus Menu | 251 Auto Cook Menu) - 2023 Model","LG 28 L Convection Microwave Oven  (MJEN286UI, Black)",1.0,1.0,1.0,0.53
"LG 28 L Convection Microwave Oven (MC2846BD, Black, Health Plus Menu | 251 Auto Cook Menu) - 2023 Model","LG 28 L Convection Microwave Oven  (MC2846BR, Black)",1.0,1.0,1.0,0.58
"LG 28 L Convection Microwave Oven (MC2846BD, Black, Health Plus Menu | 251 Auto Cook Menu) - 2023 Model","LG 28 L Convection Microwave Oven  (MC2886BHT, BLACK)",1.0,1.0,1.0,0.58
"LG 28 L Convection Microwave Oven (MC2846BD, Black, Health Plus Menu | 251 Auto Cook Menu) - 2023 Model","LG 28 L Convection Microwave Oven  (MJEN286UH, Black)",1.0,1.0,1.0,0.58
"LG 28 L Convection Microwave Oven (MC2846BD, Black, Health Plus Menu | 251 Auto Cook Menu) - 2023 Model","LG 28 L Convection Microwave Oven  (MJEN286UF, Black)",1.0,1.0,1.0,0.58
"LG 28 L Convection Microwave Oven (MC2846BD, Black, Health Plus Menu | 251 Auto Cook Menu) - 2023 Model","LG 28 L Convection Microwave Oven  (MC2886BFTM, Black)",1.0,1.0,1.0,0.58
"LG 28 L Convection Microwave Oven (MC2846BV, Black, Quartz Heater)","LG 28 L Convection Microwave Oven  (MC2846BV, Black)",1.0,1.0,1.0,0.88
"LG 28 L Convection Microwave Oven (MC2846BV, Black, Quartz Heater)","LG 28 L Convection Microwave Oven  (MC2886BRUM, Black)",1.0,1.0,1.0,0.76
"LG 28 L Convection Microwave Oven (MC2846BV, Black, Quartz Heater)","LG 28 L Convection Microwave Oven  (MC2846BG.DBKQILN, Black)",1.0,1.0,1.0,0.82
"LG 28 L Convection Microwave Oven (MC2846BV, Black, Quartz Heater)","LG 28 L Convection Microwave Oven  (MC2886BLT, Black)",1.0,1.0,1.0,0.82
"LG 28 L Convection Microwave Oven (MC2846BV, Black, Quartz Heater)","LG 28 L Charcoal Convection Microwave Oven  (MJ2886BFUM, Black)",1.0,1.0,1.0,0.76
"LG 28 L Convection Microwave Oven (MC2846BV, Black, Quartz Heater)","LG 28 L Convection Microwave Oven  (MC2886BFUM, Black)",1.0,1.0,1.0,0.82
"LG 28 L Convection Microwave Oven (MC2846BV, Black, Quartz Heater)","LG 28 L Convection Microwave Oven  (MC2886BPUM, Black)",1.0,0.71,1.0,0.76
"LG 28 L Convection Microwave Oven (MC2846BV, Black, Quartz Heater)","LG 28 L Convection Microwave Oven  (MJ2887BFUM, Black)",1.0,1.0,1.0,0.76
"LG 28 L Convection Microwave Oven (MC2846BV, Black, Quartz Heater)","LG 28 L Convection Microwave Oven  (MC2887BFUM.DBKQILN, Black)",1.0,1.0,1.0,0.76
"LG 28 L Convection Microwave Oven (MC2846BV, Black, Quartz Heater)","LG 28 L Convection Microwave Oven  (MJEN286UI, Black)",1.0,1.0,1.0,0.76
"LG 28 L Convection Microwave Oven (MC2846BV, Black, Quartz Heater)","LG 28 L Convection Microwave Oven  (MC2846BR, Black)",1.0,1.0,1.0,0.82
"LG 28 L Convection Microwave Oven (MC2846BV, Black, Quartz Heater)","LG 28 L Convection Microwave Oven  (MC2886BHT, BLACK)",1.0,1.0,1.0,0.82
"LG 28 L Convection Microwave Oven (MC2846BV, Black, Quartz Heater)","LG 28 L Convection Microwave Oven  (MJEN286UH, Black)",1.0,1.0,1.0,0.82
"LG 28 L Convection Microwave Oven (MC2846BV, Black, Quartz Heater)","LG 28 L Convection Microwave Oven  (MJEN286UF, Black)",1.0,1.0,1.0,0.82
"LG 28 L Convection Microwave Oven (MC2846BV, Black, Quartz Heater)","LG 28 L Convection Microwave Oven  (MC2886BFTM, Black)",1.0,1.0,1.0,0.82
"LG 28 L Convection Microwave Oven (MC2846BV, Black, Quartz Heater)","LG 28 L Charcoal Convection Microwave Oven  (MJ2886BWUM, Floral)",1.0,1.0,1.0,0.63
"LG 28 L Convection Microwave Oven (MC2846SL, Silver)","LG 28 L Convection Microwave Oven  (MC2846SL, Silver)",1.0,1.0,1.0,1.0
"LG 28 L Convection Microwave Oven (MC2846SL, Silver)","LG 28 L Convection Microwave Oven  (MC2886SFU, Silver)",1.0,1.0,1.0,0.93
"LG 28 L Convection Microwave Oven (MC2886BPUM, Floral Purple, Diet Fry)","LG 28 L Convection Microwave Oven  (MC2846BV, Black)",1.0,1.0,1.0,0.6
"LG 28 L Convection Microwave Oven (MC2886BPUM, Floral Purple, Diet Fry)","LG 28 L Convection Microwave Oven  (MC2886BRUM, Black)",1.0,1.0,1.0,0.6
"LG 28 L Convection Microwave Oven (MC2886BPUM, Floral Purple, Diet Fry)","LG 28 L Convection Microwave Oven  (MC2846BG.DBKQILN, Black)",1.0,1.0,1.0,0.65
"LG 28 L Convection Microwave Oven (MC2886BPUM, Floral Purple, Diet Fry)","LG 28 L Convection Microwave Oven  (MC2886BLT, Black)",1.0,1.0,1.0,0.65
"LG 28 L Convection Microwave Oven (MC2886BPUM, Floral Purple, Diet Fry)","LG 28 L Charcoal Convection Microwave Oven  (MJ2886BFUM, Black)",1.0,1.0,1.0,0.6
"LG 28 L Convection Microwave Oven (MC2886BPUM, Floral Purple, Diet Fry)","LG 28 L Convection Microwave Oven  (MC2886BFUM, Black)",1.0,1.0,1.0,0.65
"LG 28 L Convection Microwave Oven (MC2886BPUM, Floral Purple, Diet Fry)","LG 28 L Convection Microwave Oven  (MC2886BPUM, Black)",1.0,0.71,1.0,0.72
"LG 28 L Convection Microwave Oven (MC2886BPUM, Floral Purple, Diet Fry)","LG 28 L Convection Microwave Oven  (MJ2887BFUM, Black)",1.0,1.0,1.0,0.6
"LG 28 L Convection Microwave Oven (MC2886BPUM, Floral Purple, Diet Fry)","LG 28 L Convection Microwave Oven  (MC2887BFUM.DBKQILN, Black)",1.0,1.0,1.0,0.6
"LG 28 L Convection Microwave Oven (MC2886BPUM, Floral Purple, Diet Fry)","LG 28 L Convection Microwave Oven  (MJEN286UI, Black)",1.0,1.0,1.0,0.6
"LG 28 L Convection Microwave Oven (MC2886BPUM, Floral Purple, Diet Fry)","LG 28 L Convection Microwave Oven  (MC2846BR, Black)",1.0,1.0,1.0,0.65
"LG 28 L Convection Microwave Oven (MC2886BPUM, Floral Purple, Diet Fry)","LG 28 L Convection Microwave Oven  (MC2886BHT, BLACK)",1.0,1.0,1.0,0.65
"LG 28 L Convection Microwave Oven (MC2886BPUM, Floral Purple, Diet Fry)","LG 28 L Convection Microwave Oven  (MJEN286UH, Black)",1.0,1.0,1.0,0.65
"LG 28 L Convection Microwave Oven (MC2886BPUM, Floral Purple, Diet Fry)","LG 28 L Convection Microwave Oven  (MJEN286UF, Black)",1.0,1.0,1.0,0.65
"LG 28 L Convection Microwave Oven (MC2886BPUM, Floral Purple, Diet Fry)","LG 28 L Convection Microwave Oven  (MC2886BFTM, Black)",1.0,1.0,1.0,0.65
"LG 28 L Convection Microwave Oven (MC2886BPUM, Floral Purple, Diet Fry)","LG 28 L Charcoal Convection Microwave Oven  (MJ2886BWUM, Floral)",1.0,1.0,1.0,0.72
"LG 28 L Convection Microwave Oven (MC2886BRUM, Black, With 360° Motorised Rotisserie & Diet Fry)","LG 28 L Convection Microwave Oven  (MC2846BV, Black)",1.0,1.0,1.0,0.63
"LG 28 L Convection Microwave Oven (MC2886BRUM, Black, With 360° Motorised Rotisserie & Diet Fry)","LG 28 L Convection Microwave Oven  (MC2886BRUM, Black)",1.0,1.0,1.0,0.73
"LG 28 L Convection Microwave Oven (MC2886BRUM, Black, With 360° Motorised Rotisserie & Diet Fry)","LG 28 L Convection Microwave Oven  (MC2846BG.DBKQILN, Black)",1.0,1.0,1.0,0.68
"LG 28 L Convection Microwave Oven (MC2886BRUM, Black, With 360° Motorised Rotisserie & Diet Fry)","LG 28 L Convection Microwave Oven  (MC2886BLT, Black)",1.0,1.0,1.0,0.68
"LG 28 L Convection Microwave Oven (MC2886BRUM, Black, With 360° Motorised Rotisserie & Diet Fry)","LG 28 L Charcoal Convection Microwave Oven  (MJ2886BFUM, Black)",1.0,1.0,1.0,0.63
"LG 28 L Convection Microwave Oven (MC2886BRUM, Black, With 360° Motorised Rotisserie & Diet Fry)","LG 28 L Convection Microwave Oven  (MC2886BFUM, Black)",1.0,1.0,1.0,0.68
"LG 28 L Convection Microwave Oven (MC2886BRUM, Black, With 360° Motorised Rotisserie & Diet Fry)","LG 28 L Convection Microwave Oven  (MC2886BPUM, Black)",1.0,0.71,1.0,0.63
"LG 28 L Convection Microwave Oven (MC2886BRUM, Black, With 360° Motorised Rotisserie & Diet Fry)","LG 28 L Convection Microwave Oven  (MJ2887BFUM, Black)",1.0,1.0,1.0,0.63
"LG 28 L Convection Microwave Oven (MC2886BRUM, Black, With 360° Motorised Rotisserie & Diet Fry)","LG 28 L Convection Microwave Oven  (MC2887BFUM.DBKQILN, Black)",1.0,1.0,1.0,0.63
"LG 28 L Convection Microwave Oven (MC2886BRUM, Black, With 360° Motorised Rotisserie & Diet Fry)","LG 28 L Convection Microwave Oven  (MJEN286UI, Black)",1.0,1.0,1.0,0.63
"LG 28 L Convection Microwave Oven (MC2886BRUM, Black, With 360° Motorised Rotisserie & Diet Fry)","LG 28 L Convection Microwave Oven  (MC2846BR, Black)",1.0,1.0,1.0,0.68
"LG 28 L Convection Microwave Oven (MC2886BRUM, Black, With 360° Motorised Rotisserie & Diet Fry)","LG 28 L Convection Microwave Oven  (MC2886BHT, BLACK)",1.0,1.0,1.0,0.68
"LG 28 L Convection Microwave Oven (MC2886BRUM, Black, With 360° Motorised Rotisserie & Diet Fry)","LG 28 L Convection Microwave Oven  (MJEN286UH, Black)",1.0,1.0,1.0,0.68
"LG 28 L Convection Microwave Oven (MC2886BRUM, Black, With 360° Motorised Rotisserie & Diet Fry)","LG 28 L Convection Microwave Oven  (MJEN286UF, Black)",1.0,1.0,1.0,0.68
"LG 28 L Convection Microwave Oven (MC2886BRUM, Black, With 360° Motorised Rotisserie & Diet Fry)","LG 28 L Convection Microwave Oven  (MC2886BFTM, Black)",1.0,1.0,1.0,0.68
"LG 28 L Convection Microwave Oven (MC2886BRUM, Black, With 360° Motorised Rotisserie & Diet Fry)","LG 28 L Charcoal Convection Microwave Oven  (MJ2886BWUM, Floral)",1.0,1.0,1.0,0.52
"LG 28 L Convection Microwave Oven (MC2887BFUM, Black)","LG 28 L Convection Microwave Oven  (MC2846BV, Black)",1.0,1.0,1.0,0.86
"LG 28 L Convection Microwave Oven (MC2887BFUM, Black)","LG 28 L Convection Microwave Oven  (MC2886BRUM, Black)",1.0,1.0,1.0,0.86
"LG 28 L Convection Microwave Oven (MC2887BFUM, Black)","LG 28 L Convection Microwave Oven  (MC2846BG.DBKQILN, Black)",1.0,1.0,1.0,0.93
"LG 28 L Convection Microwave Oven (MC2887BFUM, Black)","LG 28 L Convection Microwave Oven  (MC2886BLT, Black)",1.0,1.0,1.0,0.93
"LG 28 L Convection Microwave Oven (MC2887BFUM, Black)","LG 28 L Charcoal Convection Microwave Oven  (MJ2886BFUM, Black)",1.0,1.0,1.0,0.86
"LG 28 L Convection Microwave Oven (MC2887BFUM, Black)","LG 28 L Convection Microwave Oven  (MC2886BFUM, Black)",1.0,1.0,1.0,0.93
"LG 28 L Convection Microwave Oven (MC2887BFUM, Black)","LG 28 L Convection Microwave Oven  (MC2886BPUM, Black)",1.0,0.71,1.0,0.86
"LG 28 L Convection Microwave Oven (MC2887BFUM, Black)","LG 28 L Convection Microwave Oven  (MJ2887BFUM, Black)",1.0,1.0,1.0,0.86
"LG 28 L Convection Microwave Oven (MC2887BFUM, Black)","LG 28 L Convection Microwave Oven  (MC2887BFUM.DBKQILN, Black)",1.0,1.0,1.0,1.0
"LG 28 L Convection Microwave Oven (MC2887BFUM, Black)","LG 28 L Convection Microwave Oven  (MJEN286UI, Black)",1.0,1.0,1.0,0.86
"LG 28 L Convection Microwave Oven (MC2887BFUM, Black)","LG 28 L Convection Microwave Oven  (MC2846BR, Black)",1.0,1.0,1.0,0.93
"LG 28 L Convection Microwave Oven (MC2887BFUM, Black)","LG 28 L Convection Microwave Oven  (MC2886BHT, BLACK)",1.0,1.0,1.0,0.93
"LG 28 L Convection Microwave Oven (MC2887BFUM, Black)","LG 28 L Convection Microwave Oven  (MJEN286UH, Black)",1.0,1.0,1.0,0.93
"LG 28 L Convection Microwave Oven (MC2887BFUM, Black)","LG 28 L Convection Microwave Oven  (MJEN286UF, Black)",1.0,1.0,1.0,0.93
"LG 28 L Convection Microwave Oven (MC2887BFUM, Black)","LG 28 L Convection Microwave Oven  (MC2886BFTM, Black)",1.0,1.0,1.0,0.93
"LG 28 L Convection Microwave Oven (MC2887BFUM, Black)","LG 28 L Charcoal Convection Microwave Oven  (MJ2886BWUM, Floral)",1.0,1.0,1.0,0.71
"LG 28 L Charcoal Convection Healthy Microwave Oven (MJ2887BWUM, Black, 360° Motorised Rotisserie) - 2023 Model","LG 28 L Convection Microwave Oven  (MC2846BV, Black)",1.0,1.0,1.0,0.61
"LG 28 L Charcoal Convection Healthy Microwave Oven (MJ2887BWUM, Black, 360° Motorised Rotisserie) - 2023 Model","LG 28 L Convection Microwave Oven  (MC2886BRUM, Black)",1.0,1.0,1.0,0.61
"LG 28 L Charcoal Convection Healthy Microwave Oven (MJ2887BWUM, Black, 360° Motorised Rotisserie) - 2023 Model","LG 28 L Convection Microwave Oven  (MC2846BG.DBKQILN, Black)",1.0,1.0,1.0,0.65
"LG 28 L Charcoal Convection Healthy Microwave Oven (MJ2887BWUM, Black, 360° Motorised Rotisserie) - 2023 Model","LG 28 L Convection Microwave Oven  (MC2886BLT, Black)",1.0,1.0,1.0,0.65
"LG 28 L Charcoal Convection Healthy Microwave Oven (MJ2887BWUM, Black, 360° Motorised Rotisserie) - 2023 Model","LG 28 L Charcoal Convection Microwave Oven  (MJ2886BFUM, Black)",1.0,1.0,1.0,0.71
"LG 28 L Charcoal Convection Healthy Microwave Oven (MJ2887BWUM, Black, 360° Motorised Rotisserie) - 2023 Model","LG 28 L Convection Microwave Oven  (MC2886BFUM, Black)",1.0,1.0,1.0,0.65
"LG 28 L Charcoal Convection Healthy Microwave Oven (MJ2887BWUM, Black, 360° Motorised Rotisserie) - 2023 Model","LG 28 L Convection Microwave Oven  (MC2886BPUM, Black)",1.0,0.71,1.0,0.61
"LG 28 L Charcoal Convection Healthy Microwave Oven (MJ2887BWUM, Black, 360° Motorised Rotisserie) - 2023 Model","LG 28 L Convection Microwave Oven  (MJ2887BFUM, Black)",1.0,1.0,1.0,0.61
"LG 28 L Charcoal Convection Healthy Microwave Oven (MJ2887BWUM, Black, 360° Motorised Rotisserie) - 2023 Model","LG 28 L Convection Microwave Oven  (MC2887BFUM.DBKQILN, Black)",1.0,1.0,1.0,0.61
"LG 28 L Charcoal Convection Healthy Microwave Oven (MJ2887BWUM, Black, 360° Motorised Rotisserie) - 2023 Model","LG 28 L Convection Microwave Oven  (MJEN286UI, Black)",1.0,1.0,1.0,0.61
"LG 28 L Charcoal Convection Healthy Microwave Oven (MJ2887BWUM, Black, 360° Motorised Rotisserie) - 2023 Model","LG 28 L Convection Microwave Oven  (MC2846BR, Black)",1.0,1.0,1.0,0.65
"LG 28 L Charcoal Convection Healthy Microwave Oven (MJ2887BWUM, Black, 360° Motorised Rotisserie) - 2023 Model","LG 28 L Convection Microwave Oven  (MC2886BHT, BLACK)",1.0,1.0,1.0,0.65
"LG 28 L Charcoal Convection Healthy Microwave Oven (MJ2887BWUM, Black, 360° Motorised Rotisserie) - 2023 Model","LG 28 L Convection Microwave Oven  (MJEN286UH, Black)",1.0,1.0,1.0,0.65
"LG 28 L Charcoal Convection Healthy Microwave Oven (MJ2887BWUM, Black, 360° Motorised Rotisserie) - 2023 Model","LG 28 L Convection Microwave Oven  (MJEN286UF, Black)",1.0,1.0,1.0,0.65
"LG 28 L Charcoal Convection Healthy Microwave Oven (MJ2887BWUM, Black, 360° Motorised Rotisserie) - 2023 Model","LG 28 L Convection Microwave Oven  (MC2886BFTM, Black)",1.0,1.0,1.0,0.65
"LG 28 L Charcoal Convection Healthy Microwave Oven (MJ2887BWUM, Black, 360° Motorised Rotisserie) - 2023 Model","LG 28 L Charcoal Convection Microwave Oven  (MJ2886BWUM, Floral)",1.0,1.0,1.0,0.61
"Morphy Richards 28DCOX DuoChef Pro-Convection Microwave Oven and OTG Oven, 28 Ltr, Dual Grill, 300 Auto Cook Menus, Silver, Regular","Morphy Richards 28 L Convection Microwave Oven  (28DCOX DuoChef, Silver)",1.0,1.0,1.0,0.7
"Samsung 28L, Slim Fry, Convection Microwave Oven with Tandoor and Curd making(CE1041DSB3/TL, Black, Best Diwali Gift, 10 Yr warranty)","SAMSUNG 28 L Slim Fry Convection & Grill Microwave Oven  (CE1041DSB2, Black)",1.0,1.0,1.0,0.51
"Samsung 28L, Slim Fry, Convection Microwave Oven with Tandoor and Curd making(CE1041DSB3/TL, Black, Best Diwali Gift, 10 Yr warranty)","SAMSUNG 28 L Slim Fry & Hot blast Convection Microwave Oven  (MC28M6035CK/TL, Black)",1.0,1.0,1.0,0.58
"Samsung 28L, Convection Microwave Oven with Curd Making(MC28A5013AK/TL, Black, Best Diwali Gift, 10 Yr warranty)","SAMSUNG 28 L Convection & Grill Microwave Oven  (MC28A5013AK, Black)",1.0,1.0,1.0,0.51
"Samsung 28L, Convection Microwave Oven with Curd Making(MC28A5013AK/TL, Black, Best Diwali Gift, 10 Yr warranty)","SAMSUNG 28 L Convection Microwave Oven  (MC28A5025VP/TL, Black with Pattern)",1.0,1.0,1.0,0.54
"Samsung 28L, Convection Microwave Oven with Curd Making(MC28A5013AK/TL, Black, Best Diwali Gift, 10 Yr warranty)","SAMSUNG 28 L Convection Microwave Oven  (MC28A5145VK/TL, Black)",1.0,1.0,1.0,0.51
"Samsung 28L, Convection Microwave Oven with Curd Making(MC28A5013AK/TL, Black, Best Diwali Gift, 10 Yr warranty)","SAMSUNG 28 L Convection Microwave Oven  (MC28A5033CK/TL, Black)",1.0,1.0,1.0,0.51
"Samsung 28L, Convection Microwave Oven with Curd Making(MC28A5013AK/TL, Black, Best Diwali Gift, 10 Yr warranty)","SAMSUNG 28 L Convection Microwave Oven  (MC28H5025QB/TL, Black)",1.0,1.0,1.0,0.55
"Samsung 28L, Convection Microwave Oven with Curd Making(MC28A5013AK/TL, Black, Best Diwali Gift, 10 Yr warranty)","SAMSUNG 28 L Convection Microwave Oven  (MC28M6036CK/TL, Black)",1.0,1.0,1.0,0.55
"Samsung 28L, Slim Fry, Multi Spit , Convection Microwave Oven with Tandoor and Curd making(MC28A5025VP/TL, Black with Pattern, 10 Yr warranty)","SAMSUNG 28 L Convection Microwave Oven  (MC28A5025VP/TL, Black with Pattern)",1.0,0.58,1.0,0.65
"Samsung 28L, Slim Fry, Multi Spit , Convection Microwave Oven with Tandoor and Curd making(MC28A5025VP/TL, Black with Pattern, 10 Yr warranty)","SAMSUNG 28 L Slim Fry & Hot blast Convection Microwave Oven  (MC28M6035CK/TL, Black)",1.0,0.58,1.0,0.54
"Samsung 28 L Convection Microwave Oven (MC28A5033CK/TL, Black)","SAMSUNG 28 L Convection & Grill Microwave Oven  (MC28A5013AK, Black)",1.0,1.0,1.0,0.75
"Samsung 28 L Convection Microwave Oven (MC28A5033CK/TL, Black)","SAMSUNG 28 L Convection Microwave Oven  (MC28A6036QK, Black)",1.0,1.0,1.0,0.8
"Samsung 28 L Convection Microwave Oven (MC28A5033CK/TL, Black)","SAMSUNG 28 L Convection & Grill Microwave Oven  (CE1041DSB3, Black)",1.0,1.0,1.0,0.75
"Samsung 28 L Convection Microwave Oven (MC28A5033CK/TL, Black)","SAMSUNG 28 L Convection Microwave Oven  (MC28A5025VP/TL, Black with Pattern)",1.0,1.0,1.0,0.78
"Samsung 28 L Convection Microwave Oven (MC28A5033CK/TL, Black)","SAMSUNG 28 L Convection Microwave Oven  (MC28A5145VK/TL, Black)",1.0,1.0,1.0,0.87
"Samsung 28 L Convection Microwave Oven (MC28A5033CK/TL, Black)","SAMSUNG 28 L Convection Microwave Oven  (MC28A5033CK/TL, Black)",1.0,1.0,1.0,1.0
"Samsung 28 L Convection Microwave Oven (MC28A5033CK/TL, Black)","SAMSUNG 28 L Convection Microwave Oven  (MC28A6035QS/TL, Sliver)",1.0,0.71,1.0,0.75
"Samsung 28 L Convection Microwave Oven (MC28A5033CK/TL, Black)","SAMSUNG 28 L Convection Microwave Oven  (MC28H5025VR, Black with Delight Red)",1.0,1.0,1.0,0.67
"Samsung 28 L Convection Microwave Oven (MC28A5033CK/TL, Black)","SAMSUNG 28 L Convection Microwave Oven  (MC28H5033CK, Black)",1.0,1.0,1.0,0.87
"Samsung 28 L Convection Microwave Oven (MC28A5033CK/TL, Black)","SAMSUNG 28 L Convection Microwave Oven  (MC28H5025QB/TL, Black)",1.0,1.0,1.0,0.94
"Samsung 28 L Convection Microwave Oven (MC28A5033CK/TL, Black)","SAMSUNG 28 L Slim Fry Convection & Grill Microwave Oven  (CE1041DSB2, Black)",1.0,1.0,1.0,0.71
"Samsung 28 L Convection Microwave Oven (MC28A5033CK/TL, Black)","SAMSUNG 28 L Convection Microwave Oven  (MC28M6036CK/TL, Black)",1.0,1.0,1.0,0.94
"Samsung 28 L Convection Microwave Oven (MC28A5033CK/TL, Black)","SAMSUNG 28 L Convection Microwave Oven  (MC28A5033CK, BLACK)",1.0,1.0,1.0,0.94
"Samsung 28 L Convection Microwave Oven (MC28A5033CK/TL, Black)","SAMSUNG 28 L Slim Fry & Hot blast Convection Microwave Oven  (MC28M6035CK/TL, Black)",1.0,1.0,1.0,0.82
"Samsung 28 L Convection Microwave Oven with Moisture Sensor (MC28A5145VK/TL, Black, SlimFry)","SAMSUNG 28 L Convection & Grill Microwave Oven  (MC28A5013AK, Black)",1.0,1.0,1.0,0.61
"Samsung 28 L Convection Microwave Oven with Moisture Sensor (MC28A5145VK/TL, Black, SlimFry)","SAMSUNG 28 L Convection Microwave Oven  (MC28A6036QK, Black)",1.0,1.0,1.0,0.65
"Samsung 28 L Convection Microwave Oven with Moisture Sensor (MC28A5145VK/TL, Black, SlimFry)","SAMSUNG 28 L Convection & Grill Microwave Oven  (CE1041DSB3, Black)",1.0,1.0,1.0,0.61
"Samsung 28 L Convection Microwave Oven with Moisture Sensor (MC28A5145VK/TL, Black, SlimFry)","SAMSUNG 28 L Convection Microwave Oven  (MC28A5025VP/TL, Black with Pattern)",1.0,1.0,1.0,0.73
"Samsung 28 L Convection Microwave Oven with Moisture Sensor (MC28A5145VK/TL, Black, SlimFry)","SAMSUNG 28 L Convection Microwave Oven  (MC28A5145VK/TL, Black)",1.0,1.0,1.0,0.82
"Samsung 28 L Convection Microwave Oven with Moisture Sensor (MC28A5145VK/TL, Black, SlimFry)","SAMSUNG 28 L Convection Microwave Oven  (MC28A5033CK/TL, Black)",1.0,1.0,1.0,0.71
"Samsung 28 L Convection Microwave Oven with Moisture Sensor (MC28A5145VK/TL, Black, SlimFry)","SAMSUNG 28 L Convection Microwave Oven  (MC28A6035QS/TL, Sliver)",1.0,0.71,1.0,0.61
"Samsung 28 L Convection Microwave Oven with Moisture Sensor (MC28A5145VK/TL, Black, SlimFry)","SAMSUNG 28 L Convection Microwave Oven  (MC28H5025VR, Black with Delight Red)",1.0,1.0,1.0,0.64
"Samsung 28 L Convection Microwave Oven with Moisture Sensor (MC28A5145VK/TL, Black, SlimFry)","SAMSUNG 28 L Convection Microwave Oven  (MC28H5033CK, Black)",1.0,1.0,1.0,0.71
"Samsung 28 L Convection Microwave Oven with Moisture Sensor (MC28A5145VK/TL, Black, SlimFry)","SAMSUNG 28 L Convection Microwave Oven  (MC28H5025QB/TL, Black)",1.0,1.0,1.0,0.76
"Samsung 28 L Convection Microwave Oven with Moisture Sensor (MC28A5145VK/TL, Black, SlimFry)","SAMSUNG 28 L Slim Fry Convection & Grill Microwave Oven  (CE1041DSB2, Black)",1.0,1.0,1.0,0.58
"Samsung 28 L Convection Microwave Oven with Moisture Sensor (MC28A5145VK/TL, Black, SlimFry)","SAMSUNG 28 L Convection Microwave Oven  (MC28M6036CK/TL, Black)",1.0,1.0,1.0,0.76
"Samsung 28 L Convection Microwave Oven with Moisture Sensor (MC28A5145VK/TL, Black, SlimFry)","SAMSUNG 28 L Convection Microwave Oven  (MC28A5033CK, BLACK)",1.0,1.0,1.0,0.65
"Samsung 28 L Convection Microwave Oven with Moisture Sensor (MC28A5145VK/TL, Black, SlimFry)","SAMSUNG 28 L Slim Fry & Hot blast Convection Microwave Oven  (MC28M6035CK/TL, Black)",1.0,1.0,1.0,0.67
"Samsung 28L, Hotblast, Slim Fry, Multi Spit , Convection Microwave Oven with Tandoor and Curd making (MC28A6035QS/TL, Sliver, Best Diwali Gift, 10 Yr warranty)","SAMSUNG 28 L Convection Microwave Oven  (MC28A6035QS/TL, Sliver)",1.0,0.71,1.0,0.51
"Samsung 28 L Convection Microwave Oven with SlimFry (MC28A6036QK/TL, Black)","SAMSUNG 28 L Convection & Grill Microwave Oven  (MC28A5013AK, Black)",1.0,1.0,1.0,0.67
"Samsung 28 L Convection Microwave Oven with SlimFry (MC28A6036QK/TL, Black)","SAMSUNG 28 L Convection Microwave Oven  (MC28A6036QK, Black)",1.0,1.0,1.0,0.84
"Samsung 28 L Convection Microwave Oven with SlimFry (MC28A6036QK/TL, Black)","SAMSUNG 28 L Convection & Grill Microwave Oven  (CE1041DSB3, Black)",1.0,1.0,1.0,0.67
"Samsung 28 L Convection Microwave Oven with SlimFry (MC28A6036QK/TL, Black)","SAMSUNG 28 L Convection Microwave Oven  (MC28A5025VP/TL, Black with Pattern)",1.0,1.0,1.0,0.8
"Samsung 28 L Convection Microwave Oven with SlimFry (MC28A6036QK/TL, Black)","SAMSUNG 28 L Convection Microwave Oven  (MC28A5145VK/TL, Black)",1.0,1.0,1.0,0.78
"Samsung 28 L Convection Microwave Oven with SlimFry (MC28A6036QK/TL, Black)","SAMSUNG 28 L Convection Microwave Oven  (MC28A5033CK/TL, Black)",1.0,1.0,1.0,0.78
"Samsung 28 L Convection Microwave Oven with SlimFry (MC28A6036QK/TL, Black)","SAMSUNG 28 L Convection Microwave Oven  (MC28A6035QS/TL, Sliver)",1.0,0.71,1.0,0.67
"Samsung 28 L Convection Microwave Oven with SlimFry (MC28A6036QK/TL, Black)","SAMSUNG 28 L Convection Microwave Oven  (MC28H5025VR, Black with Delight Red)",1.0,1.0,1.0,0.7
"Samsung 28 L Convection Microwave Oven with SlimFry (MC28A6036QK/TL, Black)","SAMSUNG 28 L Convection Microwave Oven  (MC28H5033CK, Black)",1.0,1.0,1.0,0.77
"Samsung 28 L Convection Microwave Oven with SlimFry (MC28A6036QK/TL, Black)","SAMSUNG 28 L Convection Microwave Oven  (MC28H5025QB/TL, Black)",1.0,1.0,1.0,0.84
"Samsung 28 L Convection Microwave Oven with SlimFry (MC28A6036QK/TL, Black)","SAMSUNG 28 L Slim Fry Convection & Grill Microwave Oven  (CE1041DSB2, Black)",1.0,1.0,1.0,0.63
"Samsung 28 L Convection Microwave Oven with SlimFry (MC28A6036QK/TL, Black)","SAMSUNG 28 L Convection Microwave Oven  (MC28M6036CK/TL, Black)",1.0,1.0,1.0,0.84
"Samsung 28 L Convection Microwave Oven with SlimFry (MC28A6036QK/TL, Black)","SAMSUNG 28 L Convection Microwave Oven  (MC28A5033CK, BLACK)",1.0,1.0,1.0,0.72
"Samsung 28 L Convection Microwave Oven with SlimFry (MC28A6036QK/TL, Black)","SAMSUNG 28 L Slim Fry & Hot blast Convection Microwave Oven  (MC28M6035CK/TL, Black)",1.0,1.0,1.0,0.74
"Samsung 28 L Convection Microwave Oven with SlimFry (MC28H5025VR/TL, Black Delight Red Pattern)","SAMSUNG 28 L Convection & Grill Microwave Oven  (MC28A5013AK, Black)",1.0,1.0,1.0,0.59
"Samsung 28 L Convection Microwave Oven with SlimFry (MC28H5025VR/TL, Black Delight Red Pattern)","SAMSUNG 28 L Convection Microwave Oven  (MC28A6036QK, Black)",1.0,1.0,1.0,0.63
"Samsung 28 L Convection Microwave Oven with SlimFry (MC28H5025VR/TL, Black Delight Red Pattern)","SAMSUNG 28 L Convection & Grill Microwave Oven  (CE1041DSB3, Black)",1.0,1.0,1.0,0.59
"Samsung 28 L Convection Microwave Oven with SlimFry (MC28H5025VR/TL, Black Delight Red Pattern)","SAMSUNG 28 L Convection Microwave Oven  (MC28A5025VP/TL, Black with Pattern)",1.0,1.0,1.0,0.79
"Samsung 28 L Convection Microwave Oven with SlimFry (MC28H5025VR/TL, Black Delight Red Pattern)","SAMSUNG 28 L Convection Microwave Oven  (MC28A5145VK/TL, Black)",1.0,1.0,1.0,0.69
"Samsung 28 L Convection Microwave Oven with SlimFry (MC28H5025VR/TL, Black Delight Red Pattern)","SAMSUNG 28 L Convection Microwave Oven  (MC28A5033CK/TL, Black)",1.0,1.0,1.0,0.69
"Samsung 28 L Convection Microwave Oven with SlimFry (MC28H5025VR/TL, Black Delight Red Pattern)","SAMSUNG 28 L Convection Microwave Oven  (MC28A6035QS/TL, Sliver)",1.0,0.71,1.0,0.59
"Samsung 28 L Convection Microwave Oven with SlimFry (MC28H5025VR/TL, Black Delight Red Pattern)","SAMSUNG 28 L Convection Microwave Oven  (MC28H5025VR, Black with Delight Red)",1.0,1.0,1.0,0.88
"Samsung 28 L Convection Microwave Oven with SlimFry (MC28H5025VR/TL, Black Delight Red Pattern)","SAMSUNG 28 L Convection Microwave Oven  (MC28H5033CK, Black)",1.0,1.0,1.0,0.68
"Samsung 28 L Convection Microwave Oven with SlimFry (MC28H5025VR/TL, Black Delight Red Pattern)","SAMSUNG 28 L Convection Microwave Oven  (MC28H5025QB/TL, Black)",1.0,1.0,1.0,0.73
"Samsung 28 L Convection Microwave Oven with SlimFry (MC28H5025VR/TL, Black Delight Red Pattern)","SAMSUNG 28 L Slim Fry Convection & Grill Microwave Oven  (CE1041DSB2, Black)",1.0,1.0,1.0,0.55
"Samsung 28 L Convection Microwave Oven with SlimFry (MC28H5025VR/TL, Black Delight Red Pattern)","SAMSUNG 28 L Convection Microwave Oven  (MC28M6036CK/TL, Black)",1.0,1.0,1.0,0.73
"Samsung 28 L Convection Microwave Oven with SlimFry (MC28H5025VR/TL, Black Delight Red Pattern)","SAMSUNG 28 L Convection Microwave Oven  (MC28A5033CK, BLACK)",1.0,1.0,1.0,0.63
"Samsung 28 L Convection Microwave Oven with SlimFry (MC28H5025VR/TL, Black Delight Red Pattern)","SAMSUNG 28 L Slim Fry & Hot blast Convection Microwave Oven  (MC28M6035CK/TL, Black)",1.0,1.0,1.0,0.65
"Samsung 28L, Hotblast, Slim Fry, Multi Spit , Convection Microwave Oven with Tandoor and Curd making (MC28A6035QS/TL, Sliver, Best Diwali Gift, 10 Yr warranty)","SAMSUNG 28 L Convection Microwave Oven  (MC28A6035QS/TL, Sliver)",1.0,0.71,1.0,0.51
"Whirlpool 29 Litres Convection Microwave Oven With 300 Plus Auto Cook Menus (Magicook Pro 31CES-E, Black, Air Fryer)","Whirlpool 29 L Convection Microwave Oven  (Magicook Pro 29L (Air-Fryer with Baking Plate & Rotisserie), Black)",1.0,1.0,1.0,0.67
"Haier 30L Convection Microwave Oven (HIL3001CBSH, Black, Crispy Grill)","Haier 30 L Convection Microwave Oven  (HIL3001CBSH, Black)",1.0,1.0,1.0,0.76
"Haier 30L Convection Microwave Oven (HIL3001CBSH, Black, Crispy Grill)","Haier 30 L Convection Microwave Oven  (HIL3001CBSH:IN, Black)",1.0,1.0,1.0,0.71
"IFB 30 L Convection Microwave Oven with Oil Free Cooking (30BC5, Black, With Starter Kit)","IFB 30 L Convection Microwave Oven  (30BRC2, Black)",1.0,1.0,1.0,0.57
"IFB 30 L Convection Microwave Oven with Oil Free Cooking (30BC5, Black, With Starter Kit)","IFB 30 L Oil free cooking microwave with steam clean Convection Microwave Oven  (30BC5, Black)",1.0,1.0,1.0,0.81
"IFB 30 L Convection Microwave Oven with Oil Free Cooking (30BC5, Black, With Starter Kit)","IFB 30 L Convection Microwave Oven  (MICRO WAVE OVEN 30FRC2, Black)",1.0,1.0,1.0,0.55
"IFB 30 L Convection Microwave Oven with Oil Free Cooking (30BC5, Black, With Starter Kit)","IFB 30 L Convection & Grill Microwave Oven  (30BRC3, BLACK)",1.0,1.0,1.0,0.57
"IFB 30 L Convection Microwave Oven (30BRC2, Black, With Starter Kit), Standard","IFB 30 L Convection Microwave Oven  (30BRC2, Black)",1.0,1.0,1.0,0.8
"IFB 30 L Convection Microwave Oven (30BRC2, Black, With Starter Kit), Standard","IFB 30 L Oil free cooking microwave with steam clean Convection Microwave Oven  (30BC5, Black)",1.0,1.0,1.0,0.6
"IFB 30 L Convection Microwave Oven (30BRC2, Black, With Starter Kit), Standard","IFB 30 L Convection Microwave Oven  (MICRO WAVE OVEN 30FRC2, Black)",1.0,1.0,1.0,0.67
"IFB 30 L Convection Microwave Oven (30BRC2, Black, With Starter Kit), Standard","IFB 30 L Convection & Grill Microwave Oven  (30BRC3, BLACK)",1.0,1.0,1.0,0.68
"IFB 30 L Convection Microwave Oven (30FRC2, Floral Pattern) (Black), STANDARD","IFB 30 L Convection Microwave Oven  (30BRC2, Black)",1.0,1.0,1.0,0.72
"IFB 30 L Convection Microwave Oven (30FRC2, Floral Pattern) (Black), STANDARD","IFB 30 L Oil free cooking microwave with steam clean Convection Microwave Oven  (30BC5, Black)",1.0,1.0,1.0,0.55
"IFB 30 L Convection Microwave Oven (30FRC2, Floral Pattern) (Black), STANDARD","IFB 30 L Convection Microwave Oven  (MICRO WAVE OVEN 30FRC2, Black)",1.0,1.0,1.0,0.8
"IFB 30 L Convection Microwave Oven (30FRC2, Floral Pattern) (Black), STANDARD","IFB 30 L Convection & Grill Microwave Oven  (30BRC3, BLACK)",1.0,1.0,1.0,0.72
"IFB 30 L Convection Microwave Oven (30SC4, Metallic Silver), STANDARD","IFB 30 L Metallic silver Convection Microwave Oven  (30SC4, Metallic Silver)",1.0,1.0,1.0,0.89
"Morphy Richards 30 MCGR Deluxe 30L Convection Microwave Oven with Motorised Rotisserie, 200 Autocook Menus and Child Lock Feature, Black","Morphy Richards 30 L 200 Auto cook menu Convection Microwave Oven  (30 MCGR Deluxe, Black)",1.0,1.0,1.0,0.61
"LG 32 L Charcoal Convection Microwave Oven (MJEN326PK, Black, Charcoal Lighting Heater with 10 Yr. Warranty and 360° Motorised Rotisserie)","LG 32 L Convection Microwave Oven  (MC3286BLT, Black)",1.0,0.71,1.0,0.53
"LG 32 L Charcoal Convection Microwave Oven (MJEN326PK, Black, Charcoal Lighting Heater with 10 Yr. Warranty and 360° Motorised Rotisserie)","LG 32 L With Twister Smog Handle Convection Microwave Oven  (MJEN326TL, Black)",1.0,0.71,1.0,0.58
"LG 32 L Charcoal Convection Microwave Oven (MJEN326PK, Black, Charcoal Lighting Heater with 10 Yr. Warranty and 360° Motorised Rotisserie)","LG 32 L Convection Microwave Oven  (MJEN326PK, Black)",1.0,0.71,1.0,0.58
"LG 32 L Charcoal Convection Microwave Oven (MJEN326PK, Black, Charcoal Lighting Heater with 10 Yr. Warranty and 360° Motorised Rotisserie)","LG 32 L Convection Microwave Oven  (MJEN326UH, Black)",1.0,0.71,1.0,0.53
"LG 32 L Charcoal Convection Microwave Oven (MJEN326PK, Black, Charcoal Lighting Heater with 10 Yr. Warranty and 360° Motorised Rotisserie)","LG 32 L With Twister Smog Handle Convection Microwave Oven  (MJEN326SF, Black)",1.0,0.71,1.0,0.58
"LG 32 L Convection Microwave Oven (MC3286BIUM, Black, Diet Fry, 360° Motorised Rotisserie) - 2023 Model","LG 32 L Convection Microwave Oven  (MC3286BRUM, Black)",1.0,1.0,1.0,0.61
"LG 32 L Convection Microwave Oven (MC3286BIUM, Black, Diet Fry, 360° Motorised Rotisserie) - 2023 Model","LG 32 L Charcoal Convection Microwave Oven  (MJ3286BRUS, Black)",1.0,0.71,1.0,0.61
"LG 32 L Convection Microwave Oven (MC3286BIUM, Black, Diet Fry, 360° Motorised Rotisserie) - 2023 Model","LG 32 L Convection Microwave Oven  (MC3286BLT, Black)",1.0,1.0,1.0,0.65
"LG 32 L Convection Microwave Oven (MC3286BIUM, Black, Diet Fry, 360° Motorised Rotisserie) - 2023 Model","LG 32 L With Twister Smog Handle Convection Microwave Oven  (MJEN326TL, Black)",1.0,1.0,1.0,0.61
"LG 32 L Convection Microwave Oven (MC3286BIUM, Black, Diet Fry, 360° Motorised Rotisserie) - 2023 Model","LG 32 L Convection Microwave Oven  (MJEN326PK, Black)",1.0,1.0,1.0,0.61
"LG 32 L Convection Microwave Oven (MC3286BIUM, Black, Diet Fry, 360° Motorised Rotisserie) - 2023 Model","LG 32 L Convection Microwave Oven  (MJEN326UH, Black)",1.0,1.0,1.0,0.65
"LG 32 L Convection Microwave Oven (MC3286BIUM, Black, Diet Fry, 360° Motorised Rotisserie) - 2023 Model","LG 32 L With Twister Smog Handle Convection Microwave Oven  (MJEN326SF, Black)",1.0,1.0,1.0,0.61
"LG 32 L Convection Microwave Oven (MC3286BIUM, Black, Diet Fry, 360° Motorised Rotisserie) - 2023 Model","LG 32 L Convection Microwave Oven  (MJEN326UL, BLACK)",1.0,1.0,1.0,0.61
"LG 32 L Convection Healthy Microwave Oven (MC3286BLU, Black, Diet Fry & Motorized Rotisserie) - 2023 Model","LG 32 L Convection Microwave Oven  (MC3286BRUM, Black)",1.0,1.0,1.0,0.61
"LG 32 L Convection Healthy Microwave Oven (MC3286BLU, Black, Diet Fry & Motorized Rotisserie) - 2023 Model","LG 32 L Charcoal Convection Microwave Oven  (MJ3286BRUS, Black)",1.0,0.71,1.0,0.61
"LG 32 L Convection Healthy Microwave Oven (MC3286BLU, Black, Diet Fry & Motorized Rotisserie) - 2023 Model","LG 32 L Convection Microwave Oven  (MC3286BLT, Black)",1.0,1.0,1.0,0.65
"LG 32 L Convection Healthy Microwave Oven (MC3286BLU, Black, Diet Fry & Motorized Rotisserie) - 2023 Model","LG 32 L With Twister Smog Handle Convection Microwave Oven  (MJEN326TL, Black)",1.0,1.0,1.0,0.61
"LG 32 L Convection Healthy Microwave Oven (MC3286BLU, Black, Diet Fry & Motorized Rotisserie) - 2023 Model","LG 32 L Convection Microwave Oven  (MJEN326PK, Black)",1.0,1.0,1.0,0.61
"LG 32 L Convection Healthy Microwave Oven (MC3286BLU, Black, Diet Fry & Motorized Rotisserie) - 2023 Model","LG 32 L Convection Microwave Oven  (MJEN326UH, Black)",1.0,1.0,1.0,0.65
"LG 32 L Convection Healthy Microwave Oven (MC3286BLU, Black, Diet Fry & Motorized Rotisserie) - 2023 Model","LG 32 L With Twister Smog Handle Convection Microwave Oven  (MJEN326SF, Black)",1.0,1.0,1.0,0.61
"LG 32 L Convection Healthy Microwave Oven (MC3286BLU, Black, Diet Fry & Motorized Rotisserie) - 2023 Model","LG 32 L Convection Microwave Oven  (MJEN326UL, BLACK)",1.0,1.0,1.0,0.61
"LG 32 L Convection Microwave Oven (MC3286BRUM, Black)","LG 32 L Convection Microwave Oven  (MC3286BRUM, Black)",1.0,1.0,1.0,1.0
"LG 32 L Convection Microwave Oven (MC3286BRUM, Black)","LG 32 L Charcoal Convection Microwave Oven  (MJ3286BRUS, Black)",1.0,0.71,1.0,0.86
"LG 32 L Convection Microwave Oven (MC3286BRUM, Black)","LG 32 L Convection Microwave Oven  (MC3286BLT, Black)",1.0,1.0,1.0,0.93
"LG 32 L Convection Microwave Oven (MC3286BRUM, Black)","LG 32 L With Twister Smog Handle Convection Microwave Oven  (MJEN326TL, Black)",1.0,1.0,1.0,0.86
"LG 32 L Convection Microwave Oven (MC3286BRUM, Black)","LG 32 L Convection Microwave Oven  (MJEN326PK, Black)",1.0,1.0,1.0,0.86
"LG 32 L Convection Microwave Oven (MC3286BRUM, Black)","LG 32 L Convection Microwave Oven  (MJEN326UH, Black)",1.0,1.0,1.0,0.93
"LG 32 L Convection Microwave Oven (MC3286BRUM, Black)","LG 32 L With Twister Smog Handle Convection Microwave Oven  (MJEN326SF, Black)",1.0,1.0,1.0,0.86
"LG 32 L Convection Microwave Oven (MC3286BRUM, Black)","LG 32 L Convection Microwave Oven  (MJEN326UL, BLACK)",1.0,1.0,1.0,0.86
"LG 32 L All in One NeoChef Charcoal Convection Microwave Oven (MJEN326UL, Black, Charcoal Lighting Heater)","LG 32 L Convection Microwave Oven  (MC3286BRUM, Black)",1.0,1.0,1.0,0.55
"LG 32 L All in One NeoChef Charcoal Convection Microwave Oven (MJEN326UL, Black, Charcoal Lighting Heater)","LG 32 L Charcoal Convection Microwave Oven  (MJ3286BRUS, Black)",1.0,0.71,1.0,0.73
"LG 32 L All in One NeoChef Charcoal Convection Microwave Oven (MJEN326UL, Black, Charcoal Lighting Heater)","LG 32 L Convection Microwave Oven  (MC3286BLT, Black)",1.0,1.0,1.0,0.59
"LG 32 L All in One NeoChef Charcoal Convection Microwave Oven (MJEN326UL, Black, Charcoal Lighting Heater)","LG 32 L With Twister Smog Handle Convection Microwave Oven  (MJEN326TL, Black)",1.0,1.0,1.0,0.55
"LG 32 L All in One NeoChef Charcoal Convection Microwave Oven (MJEN326UL, Black, Charcoal Lighting Heater)","LG 32 L Convection Microwave Oven  (MJEN326PK, Black)",1.0,1.0,1.0,0.55
"LG 32 L All in One NeoChef Charcoal Convection Microwave Oven (MJEN326UL, Black, Charcoal Lighting Heater)","LG 32 L Convection Microwave Oven  (MJEN326UH, Black)",1.0,1.0,1.0,0.59
"LG 32 L All in One NeoChef Charcoal Convection Microwave Oven (MJEN326UL, Black, Charcoal Lighting Heater)","LG 32 L With Twister Smog Handle Convection Microwave Oven  (MJEN326SF, Black)",1.0,1.0,1.0,0.55
"LG 32 L All in One NeoChef Charcoal Convection Microwave Oven (MJEN326UL, Black, Charcoal Lighting Heater)","LG 32 L Convection Microwave Oven  (MJEN326UL, BLACK)",1.0,1.0,1.0,0.64
"Samsung 32 L Convection Microwave Oven (CE117PC-B3/XTL, Black, SlimFry)","SAMSUNG 32 L Convection Microwave Oven  (CE117PC-B3/XTL, Black)",1.0,1.0,1.0,0.95
"Samsung 32 L Convection Microwave Oven (CE117PC-B3/XTL, Black, SlimFry)","SAMSUNG 32 L Convection Microwave Oven  (MC32A7056CB/TL, Black)",1.0,1.0,1.0,0.72
"Samsung 32 L Convection Microwave Oven (CE117PC-B3/XTL, Black, SlimFry)","SAMSUNG 32 L Convection Microwave Oven  (MC32A7056QT/TL, Black)",1.0,1.0,1.0,0.67
"Samsung 32 L Convection Microwave Oven (CE117PC-B3/XTL, Black, SlimFry)","SAMSUNG 32 L Convection Microwave Oven  (CE117PC-B3, BLACK)",1.0,1.0,1.0,0.89
"Samsung 32 L Convection Microwave Oven (CE117PC-B3/XTL, Black, SlimFry)","SAMSUNG 32 L Convection Microwave Oven  (CE117PC-B2/XTL, Black)",1.0,1.0,1.0,0.89
"Samsung 32 L Convection Microwave Oven (CE117PC-B3/XTL, Black, SlimFry)","SAMSUNG 32 L Convection & Grill Microwave Oven  (MC32B7382QD/TL, Black)",1.0,1.0,1.0,0.63
"Samsung 32 L Convection Microwave Oven (CE117PC-B3/XTL, Black, SlimFry)","SAMSUNG 32 L Slim Fry Convection & Grill Microwave Oven  (MC32J7035CT, Black, Grey)",1.0,0.71,1.0,0.6
"Samsung 32 L Convection Microwave Oven (CE117PC-B3/XTL, Black, SlimFry)","SAMSUNG 32 L Convection Microwave Oven  (MC32K7056CK/TL, Black)",1.0,1.0,1.0,0.72
"Samsung 32 L Convection Microwave Oven (CE117PC-B3/XTL, Black, SlimFry)","SAMSUNG 32 L Convection Microwave Oven  (MC32K7056QT/TL, Black)",1.0,0.71,1.0,0.72
"Samsung 32 L Convection Microwave Oven (CE117PC-B3/XTL, Black, SlimFry)","SAMSUNG 32 L Convection Microwave Oven  (MC32A7056CK/TL, Black)",1.0,1.0,1.0,0.67
"Samsung 32 L Convection Microwave Oven (MC32A7056CK/TL, Black, Slimfry)","SAMSUNG 32 L Convection Microwave Oven  (CE117PC-B3/XTL, Black)",1.0,1.0,1.0,0.67
"Samsung 32 L Convection Microwave Oven (MC32A7056CK/TL, Black, Slimfry)","SAMSUNG 32 L Convection Microwave Oven  (MC32A7056CB/TL, Black)",1.0,1.0,1.0,0.88
"Samsung 32 L Convection Microwave Oven (MC32A7056CK/TL, Black, Slimfry)","SAMSUNG 32 L Convection Microwave Oven  (MC32A7056QT/TL, Black)",1.0,1.0,1.0,0.82
"Samsung 32 L Convection Microwave Oven (MC32A7056CK/TL, Black, Slimfry)","SAMSUNG 32 L Convection Microwave Oven  (CE117PC-B3, BLACK)",1.0,1.0,1.0,0.71
"Samsung 32 L Convection Microwave Oven (MC32A7056CK/TL, Black, Slimfry)","SAMSUNG 32 L Convection Microwave Oven  (CE117PC-B2/XTL, Black)",1.0,1.0,1.0,0.71
"Samsung 32 L Convection Microwave Oven (MC32A7056CK/TL, Black, Slimfry)","SAMSUNG 32 L Convection & Grill Microwave Oven  (MC32B7382QD/TL, Black)",1.0,1.0,1.0,0.78
"Samsung 32 L Convection Microwave Oven (MC32A7056CK/TL, Black, Slimfry)","SAMSUNG 32 L Slim Fry Convection & Grill Microwave Oven  (MC32J7035CT, Black, Grey)",1.0,0.71,1.0,0.63
"Samsung 32 L Convection Microwave Oven (MC32A7056CK/TL, Black, Slimfry)","SAMSUNG 32 L Convection Microwave Oven  (MC32K7056CK/TL, Black)",1.0,1.0,1.0,0.88
"Samsung 32 L Convection Microwave Oven (MC32A7056CK/TL, Black, Slimfry)","SAMSUNG 32 L Convection Microwave Oven  (MC32K7056QT/TL, Black)",1.0,0.71,1.0,0.88
"Samsung 32 L Convection Microwave Oven (MC32A7056CK/TL, Black, Slimfry)","SAMSUNG 32 L Convection Microwave Oven  (MC32A7056CK/TL, Black)",1.0,1.0,1.0,0.94
"Samsung 32 L Convection Microwave Oven (MC32A7056QT/TL, Black, Slimfry)","SAMSUNG 32 L Convection Microwave Oven  (CE117PC-B3/XTL, Black)",1.0,1.0,1.0,0.67
"Samsung 32 L Convection Microwave Oven (MC32A7056QT/TL, Black, Slimfry)","SAMSUNG 32 L Convection Microwave Oven  (MC32A7056CB/TL, Black)",1.0,1.0,1.0,0.88
"Samsung 32 L Convection Microwave Oven (MC32A7056QT/TL, Black, Slimfry)","SAMSUNG 32 L Convection Microwave Oven  (MC32A7056QT/TL, Black)",1.0,1.0,1.0,0.94
"Samsung 32 L Convection Microwave Oven (MC32A7056QT/TL, Black, Slimfry)","SAMSUNG 32 L Convection Microwave Oven  (CE117PC-B3, BLACK)",1.0,1.0,1.0,0.71
"Samsung 32 L Convection Microwave Oven (MC32A7056QT/TL, Black, Slimfry)","SAMSUNG 32 L Convection Microwave Oven  (CE117PC-B2/XTL, Black)",1.0,1.0,1.0,0.71
"Samsung 32 L Convection Microwave Oven (MC32A7056QT/TL, Black, Slimfry)","SAMSUNG 32 L Convection & Grill Microwave Oven  (MC32B7382QD/TL, Black)",1.0,1.0,1.0,0.78
"Samsung 32 L Convection Microwave Oven (MC32A7056QT/TL, Black, Slimfry)","SAMSUNG 32 L Slim Fry Convection & Grill Microwave Oven  (MC32J7035CT, Black, Grey)",1.0,0.71,1.0,0.63
"Samsung 32 L Convection Microwave Oven (MC32A7056QT/TL, Black, Slimfry)","SAMSUNG 32 L Convection Microwave Oven  (MC32K7056CK/TL, Black)",1.0,1.0,1.0,0.88
"Samsung 32 L Convection Microwave Oven (MC32A7056QT/TL, Black, Slimfry)","SAMSUNG 32 L Convection Microwave Oven  (MC32K7056QT/TL, Black)",1.0,0.71,1.0,0.88
"Samsung 32 L Convection Microwave Oven (MC32A7056QT/TL, Black, Slimfry)","SAMSUNG 32 L Convection Microwave Oven  (MC32A7056CK/TL, Black)",1.0,1.0,1.0,0.82
"Samsung 28 L Convection Microwave Oven (MC32B7382QC/TL, Black)","SAMSUNG 32 L Convection Microwave Oven  (CE117PC-B3/XTL, Black)",1.0,1.0,1.0,0.59
"Samsung 28 L Convection Microwave Oven (MC32B7382QC/TL, Black)","SAMSUNG 32 L Convection Microwave Oven  (MC32A7056CB/TL, Black)",1.0,1.0,1.0,0.8
"Samsung 28 L Convection Microwave Oven (MC32B7382QC/TL, Black)","SAMSUNG 32 L Convection Microwave Oven  (MC32A7056QT/TL, Black)",1.0,1.0,1.0,0.75
"Samsung 28 L Convection Microwave Oven (MC32B7382QC/TL, Black)","SAMSUNG 32 L Convection Microwave Oven  (CE117PC-B3, BLACK)",1.0,1.0,1.0,0.62
"Samsung 28 L Convection Microwave Oven (MC32B7382QC/TL, Black)","SAMSUNG 32 L Convection Microwave Oven  (CE117PC-B2/XTL, Black)",1.0,1.0,1.0,0.62
"Samsung 28 L Convection Microwave Oven (MC32B7382QC/TL, Black)","SAMSUNG 32 L Convection & Grill Microwave Oven  (MC32B7382QD/TL, Black)",1.0,1.0,1.0,0.71
"Samsung 28 L Convection Microwave Oven (MC32B7382QC/TL, Black)","SAMSUNG 32 L Slim Fry Convection & Grill Microwave Oven  (MC32J7035CT, Black, Grey)",1.0,0.71,1.0,0.56
"Samsung 28 L Convection Microwave Oven (MC32B7382QC/TL, Black)","SAMSUNG 32 L Convection Microwave Oven  (MC32K7056CK/TL, Black)",1.0,1.0,1.0,0.8
"Samsung 28 L Convection Microwave Oven (MC32B7382QC/TL, Black)","SAMSUNG 32 L Convection Microwave Oven  (MC32K7056QT/TL, Black)",1.0,0.71,1.0,0.8
"Samsung 28 L Convection Microwave Oven (MC32B7382QC/TL, Black)","SAMSUNG 32 L Convection Microwave Oven  (MC32A7056CK/TL, Black)",1.0,1.0,1.0,0.75
"Samsung 28 L Convection Microwave Oven (MC32B7382QD/TL, Black)","SAMSUNG 32 L Convection Microwave Oven  (CE117PC-B3/XTL, Black)",1.0,1.0,1.0,0.59
"Samsung 28 L Convection Microwave Oven (MC32B7382QD/TL, Black)","SAMSUNG 32 L Convection Microwave Oven  (MC32A7056CB/TL, Black)",1.0,1.0,1.0,0.8
"Samsung 28 L Convection Microwave Oven (MC32B7382QD/TL, Black)","SAMSUNG 32 L Convection Microwave Oven  (MC32A7056QT/TL, Black)",1.0,1.0,1.0,0.75
"Samsung 28 L Convection Microwave Oven (MC32B7382QD/TL, Black)","SAMSUNG 32 L Convection Microwave Oven  (CE117PC-B3, BLACK)",1.0,1.0,1.0,0.62
"Samsung 28 L Convection Microwave Oven (MC32B7382QD/TL, Black)","SAMSUNG 32 L Convection Microwave Oven  (CE117PC-B2/XTL, Black)",1.0,1.0,1.0,0.62
"Samsung 28 L Convection Microwave Oven (MC32B7382QD/TL, Black)","SAMSUNG 32 L Convection & Grill Microwave Oven  (MC32B7382QD/TL, Black)",1.0,1.0,1.0,0.82
"Samsung 28 L Convection Microwave Oven (MC32B7382QD/TL, Black)","SAMSUNG 32 L Slim Fry Convection & Grill Microwave Oven  (MC32J7035CT, Black, Grey)",1.0,0.71,1.0,0.56
"Samsung 28 L Convection Microwave Oven (MC32B7382QD/TL, Black)","SAMSUNG 32 L Convection Microwave Oven  (MC32K7056CK/TL, Black)",1.0,1.0,1.0,0.8
"Samsung 28 L Convection Microwave Oven (MC32B7382QD/TL, Black)","SAMSUNG 32 L Convection Microwave Oven  (MC32K7056QT/TL, Black)",1.0,0.71,1.0,0.8
"Samsung 28 L Convection Microwave Oven (MC32B7382QD/TL, Black)","SAMSUNG 32 L Convection Microwave Oven  (MC32A7056CK/TL, Black)",1.0,1.0,1.0,0.75
"Godrej 33 L Convection Microwave Oven (GME 733 CM1 SM, Silver Mist) (52141502SD00099)","Godrej 33 L Convection & Grill Microwave Oven  (GME 733 CM1 SM, Silver)",1.0,0.71,1.0,0.87
"Panasonic 34 L Convection Microwave Oven (NN-CD86JBFDG, Black, With Starter Kit)","Panasonic 34 L Convection Microwave Oven  (NN-CD86JBFDG, BLACK)",1.0,1.0,1.0,0.85
"LG 42 L Solo Microwave Oven (MS4295DIS, Black)","LG 42 L Inverter Solo Microwave Oven  (MS4295DIS, Black)",1.0,1.0,1.0,1.0
